id,place,duration,title,date
E5B4XKtTolA,Aapravasi+Ghat,570,Aapravasi_Ghat_2007.mp4,20120510
7DSGKgZwrsk,Aapravasi+Ghat,201,Aapravasi Ghat - Grande Exp√©rience,20210715
MQVIHIawI_8,Aapravasi+Ghat,493,"Aapravasi Ghat, Mauritius. The history of indentured labour.",20201113
eWe5SbF4UcI,Aapravasi+Ghat,517,Aapravasi Ghat Documentaire,20171020
CIdjpF_zhhI,Aapravasi+Ghat,486,Aapravasi Ghat World Heritage site,20181121
Qcov8mIwWYA,Aapravasi+Ghat,194,Aapravasi Ghat - Inscription,20210715
Wo6XNCr2ZXE,Aapravasi+Ghat,1298,Air Mauritius A330-900 (3B-NBU Aapravasi Ghat) MAURITIUS to Saint Denis REUNION,20210412
y8mwWOH8M5Y,Aapravasi+Ghat,9950,Vivez la Grande Finale de Zeness Montre To Talan 2021 en direct de l'auditorium Phillipe Oh San √†‚Ä¶,20211017
FxGz-BP2uL0,Aapravasi+Ghat,514,The Aapravasi Ghat,20180317
47oV1O79btk,Aapravasi+Ghat,587,Mauritius 4K Drone | 2019 Underwater Waterfall | Ile aux Cerfs,20191229
WadnB2dCv2c,Aapravasi+Ghat,758,Aapravasi Ghat,20201102
clxBAoXYCbw,Aapravasi+Ghat,176,Mauritius Aapravasi Ghat is one of the historical sites preserved,20170324
bUj4NSvpQZI,Aapravasi+Ghat,1194,"4K  -  Fly over Mauritius üá≤üá∫ Morne Brabant, Underwater waterfall, Blue bay, Mauritius Helicopter",20200120
IUgG4-ts2lU,Aapravasi+Ghat,460,Mauritius | 4K,20181027
R1qmKqTGiH4,Aapravasi+Ghat,3716,Mauritius MRU Plane Spotting üá≤üá∫ Very close up Heavy take-off/Landing international traffic (2020),20200117
CAy9zlzkj3U,Aapravasi+Ghat,965,Mauritius - The Paradise Island,20190508
JHo-CIggXG8,Aapravasi+Ghat,313,Richest Man in Mauritius TOP 10,20170904
nvmbfsXTlmA,Aapravasi+Ghat,205,2018-06-12 - Mauritius's Underwater Waterfall,20180621
Ar_8RFKYiC4,Aapravasi+Ghat,420,"Landing at ""Reunion Island"" - Roland Garros airport - (RUN/FMEE) France (Cockpit view)",20140902
V1xZdp7uhws,Aapravasi+Ghat,30,Underwater Waterfall @ Le Morne - Mauritius [EDIT],20180412
UBdL2DjaVy4,Aapravasi+Ghat,3619,100+ Planes in 1H! Paris Charles de Gaulle Airplane spotting - Rush hour - CDG Plane Spotting 2021 !,20210717
BRhkQDINQj0,Aapravasi+Ghat,165,Flatiron drone video - Superstition Mountains,20170331
qkBJuBMTAuA,Aapravasi+Ghat,226,Red Mountain (Mount McDowell) by drone June 2017,20170616
doto6Jdr4XQ,Aapravasi+Ghat,1415,Les Grandes Lignes - Save Art Aapravasi Ghat,20210402
8KV8piLaZWc,Aapravasi+Ghat,201,Mauritius | Drone 4k | Best places,20190310
Z_cf5JmUFzY,Aapravasi+Ghat,1758,Aapravasi Ghat Patrimoine Mondial,20210716
6wOGnMDNa-I,Aapravasi+Ghat,407,Aapravasi Ghat - World Heritage Site 15 Years,20210714
VbbiZJPGVi4,Aapravasi+Ghat,302,Mauritius mountains from drone 4K,20181211
GLvwf-oJjpk,Aapravasi+Ghat,870,Ma rencontre avec le pr√©sident de la r√©publique malgache pour Vangovango Gasy,20211017
1B1kGGv_ziU,Aapravasi+Ghat,1125,Why Indians never came back from MAURITIUS !!,20181003
0gd2Z6233Jc,Aapravasi+Ghat,168,Aapravasi Ghat - H√©ritage Culturel,20210716
mPUSZFDPRD0,Abu+Mena,595,Abu Mena Vacation Travel Video Guide,20140512
BI1GgCRy1GU,Abu+Mena,173,Abu Mena (UNESCO/NHK),20130326
44KvHwRHb3A,Abu+Mena,122,Biggest drone display ever! - Guinness World Records,20201015
0C4XeyLqZAA,Abu+Mena,2135,Webinar - Highest resolution drone platform coming to the Arabic world | Phase One,20210719
wMOlR1qNMuk,Abu+Mena,149,SANDSCAPE - Johnny FPV,20200323
sob0g3NtOUU,Abu+Mena,1631,ARMA 3 - Warhammer 40k Mod (Sneak Peek) Attack of the Drones,20190425
CBRwF0LU3Ys,Abu+Mena,183,Drive2Extremes: Taycan Cross Turismo x Johnny FPV,20210609
YaAwSaMYDyU,Abu+Mena,116,Travel Amsterdam in a Minute - Aerial Drone Video | Expedia,20150715
BaBtdRcfrCI,Abu+Mena,371,Abu Dhabi Korniche Part 1 Mavic Air 2 Drone Footage,20201210
eWrMssVhRGM,Abu+Mena,134,"Abu Mena,Egypt-Ben.G,James.T,Sam.S~7-1 Mrs Fleming",20151004
DFSs54U4fow,Abu+Mena,867,Analysons l'histoire de la soeur Marie apres sa mort,20211017
0CoyfM4gR7M,Abu+Mena,235,Dubai artificially creating rainstorms with drones and electricity,20210727
BjRb6u_PQwQ,Abu+Mena,205,the most amazing drone holographic light show in China - Ë∂ÖÈúáÊíºÊó†‰∫∫Êú∫ÁºñÈòüË°®ÊºîÈõÜÂêà,20190926
jg3JW6EMYx0,Abu+Mena,1747,Waterslides at Aquapark Nessebar in Bulgaria,20210704
0nZuYyXET3s,Abu+Mena,251,Dubai's Crazy Underwater Train and Other Things #Only in Dubai,20200714
BV_66si09nw,Abu+Mena,605,Top 10 Best Destroyers In The World | 2022,20211008
SkcLUkuQpPQ,Abu+Mena,814,10 Most Impressive Fireworks Displays in the World,20201112
KhDEEN4gcpI,Abu+Mena,275,"'Similar to fireworks, but a lot cooler.' Watch Intel's effort to break drone record",20180716
mj8uIr4oQRU,Abu+Mena,118,A huge QR code fly over Shanghai in the sky | shanghai QR code drone show  ‚ú®,20210419
-0LCwfPHUIc,Abu+Mena,200,Olympics 2018 Full Drones Show Opening Ceremony | Olympics Game 2018,20180211
aOd4-T_p5fA,Abu+Mena,152,Intel's 500 Drone Light Show | Intel,20161104
zfHKMizXeHo,Abu+Mena,244,Grizzy and Lemmings - Minecraft Pt 1 - E19,20210624
3DVE0tkGSaM,Abu+Mena,1119,Libya's 'Game of Drones' - Full documentary - BBC Africa Eye | BBC Arabic,20200827
1IaZy0sDLu0,Abu+Mena,158,Travel Dubai in a Minute - Aerial Drone Videos | Expedia,20170530
f3lv65BFmaA,Abu+Mena,202,Johnny FPV x Beautiful Destinations - Turkey,20190514
lmhKyGyUgUQ,Abu+Mena,4162,Next Horizons in Cybersecurity and Digital Threats in MENA,20211015
AOYxlj5iuvo,Abu+Mena,329,The best autonomous drone just got better,20191001
DCqcaIWMJN0,Abu+Mena,1307,Live from MENAICT 2016 from the Drone,20161109
qwNVNE83Udo,Abu+Mena,2546,"Drones, robots, and super sperm ‚Äì the future of farming | DW Documentary (Farming documentary)",20190207
hBeCnszMWiM,Abu+Mena,4999,Water Security in the MENA Region,20210313
oTrvUf-1wiA,Air+and+Tenere+Natural+Reserves,100,Avy - Drones for good | Using drones to detect and analyse wildfires in nature reserves,20210324
91BRYeW3sZg,Air+and+Tenere+Natural+Reserves,1632,Drones in Natural Resource Research and Management,20200421
bw3Lf97HSqE,Air+and+Tenere+Natural+Reserves,426,DJI Mini 2 | Flight Over a Medieval Castle Ruin in Germany | Nature Relaxation | 4K Cinematic Drone,20211016
s9eiznbTneQ,Air+and+Tenere+Natural+Reserves,622,How To Nail Exposure - for Drone Photos and Drone Video,20211017
FwaT82IO5y8,Air+and+Tenere+Natural+Reserves,206,AWC trials new drone technology for monitoring wildlife,20191127
dLnoeEUACMY,Air+and+Tenere+Natural+Reserves,597,Queensland Drone flight above Lake Kurwongbah #drone #travel,20211005
szV-P__unmU,Air+and+Tenere+Natural+Reserves,162,Using Drones To Protect Nature,20130330
CsccXV173OQ,Air+and+Tenere+Natural+Reserves,173,Conservation drones - Research Impact,20151012
A1kRihvVJ9M,Air+and+Tenere+Natural+Reserves,211,Drones for science -  how drones can be used to observe ice from above and from below.,20211011
W1v4keKgk5I,Air+and+Tenere+Natural+Reserves,169,Unmanned drones Case study - And√∏ya Space Center,20191216
vxuKekP8fwE,Air+and+Tenere+Natural+Reserves,82,Boosting Natural Defenses with a Drone,20170531
4NenTjOFYnM,Air+and+Tenere+Natural+Reserves,228,VIDEO DRONE studionature.com,20151125
qyB1h84qq20,Air+and+Tenere+Natural+Reserves,333,Drone come iniziare,20211018
eHtE2gPRsfs,Air+and+Tenere+Natural+Reserves,45,Know Your Drone: Populous Areas,20210610
mPJRRjV_f_4,Air+and+Tenere+Natural+Reserves,538,Drones: Safe Air Space,20191023
jEMSpqQwaRg,Air+and+Tenere+Natural+Reserves,91,"From the US: ""Waterfly"" - a drone to protect water quality",20150122
GfxZjk9Me64,Air+and+Tenere+Natural+Reserves,274,Dune du Pilat by Drone,20211017
ZzxmIin3Y-o,Air+and+Tenere+Natural+Reserves,722,WeRobotics Training - Drones in Humanitarian Action - Overview,20200525
cV5Y3b2Uh34,Air+and+Tenere+Natural+Reserves,29,Quite a view from Glengariff Nature Reserve :),20170626
AFuLAtCbFlg,Air+and+Tenere+Natural+Reserves,349,Using Drones for Ecological Rehabilitation in Kenya,20210713
zH6dj_e78do,Aksum,1905,Tigray Aksum ·ä†·ä≠·à±·àù - The Kingdom of Aksum From The Sky Drone Shoot Video,20180118
1s3ACx9N60M,Aksum,395,Aksum  ·ä†·ä≠·à±·àù From The Sky Drone Shoot Video,20180118
JlE_9Js5fL0,Aksum,680,Aksum Obelisk - ·ä†·ä≠·à±·àù ·àê·ãç·àç·âµ -  Tigray Ethiopia From The Sky Drone Shoot Video,20180115
F0ex2LJh58M,Aksum,300,Axum City |2020| Beautiful City| Drone Footage|,20200506
PIA8nrRYdVI,Aksum,391,Das Reich vom Aksum,20181213
TKAd9IaMDIg,Aksum,760,Aksum: A Forgotten Empire,20191230
S3G5ZklLkm0,Aksum,173,Aksum (UNESCO/NHK),20130326
IGNYp3CflLg,Aksum,225,Ethiopia From Above - Africa Aerial View (Drone Film),20210827
aC2patcUcZ4,Aksum,575,Tigray Aksum City 2020,20200214
bmuqCsslDGU,Aksum,375,Axum Tsion 2012 Eth. C.,20191202
iFes8X2ZnuE,Aksum,14,Aksum Bundeslade,20200128
Zh89Be9vaQk,Aksum,399,AKSUM CITY  ·ä†·ä≠·à±·àù DIASHOW  FOTO,20170225
IJCy64adY3Y,Aksum,202,Ethiopia‚Äôs Chapel in the Sky,20180724
V1csg1YHGuU,Aksum,626,The 8th Wonder of the World + Is the Ark of the Covenant in Ethiopia? | Ancient Architects,20191010
OmrGnd-5Oe8,Aksum,919,"Rock-Hewn Churches of Tigray, Ethiopia in HD",20140325
DONjMa99jvk,Aksum,993,TV: A Forgotten History,20191209
ZlwIKh2Qk14,Aksum,1771,Misunderstood Moments in History -  Why the Persians Failed to Conquer Greece,20191222
XB7d18UsNOs,Aksum,1328,·â≥·àã·âÅ ·åà·ã≥·àù ·åâ·äï·ã≥ ·åâ·äï·ã∂ ·àõ·à≠·ã´·àù ·â†·åâ·ãû ·ä¢·âµ·ãÆ·åµ·ã´ ·ä®·â∞·åì·ã° ·åã·ãú·å†·äõ ·åã·à≠ ·â†·åâ·ãû ·ä¢·âµ·ãÆ·åµ·ã´,20200728
fTG55juBtmI,Aksum,260,Leaked video footage shows Eritrean troops shelling villages in Tigray,20210519
UHatEHJ4nmA,Aksum,186,Ethiopia has  the Ark of the Covenant. by CNN,20120510
rjPYnuIuK5s,Aksum,895,Mekelle City 2020,20200330
8xh5y2Zcoo0,Aksum,994,"Ethiopia, extreme adventures - The legend of the Ark of the Covenant (Axum, Tigray)",20200116
_v9y1xipoF8,Aksum,1419,·ãì·àà·àù ·ãò·àµ·ã∞·àù·àù ·â≥·à™·ä≠ ·àµ·àç·å£·äî ·ä£·ä≠·à±·àù zesdemm tarik sltane Aksum !,20201017
o3euZ38gQXQ,Aksum,579,Aksum (Ethiopia) Vacation Travel Video Guide,20160201
Lyo0ygiyCbY,Aksum,263,Turkish Alpagu Kamikaze Drone Launches by Unmanned Ground Vehicle is Coming,20210920
ot5s8-FMMNM,Aksum,322,###Amazing places Aksum City the Land of Origen,20201102
iPd0GJOHRC4,Aksum,390,Megalithic Granite Stelae Of Axum In Ethiopia,20200425
nF6aPB3AYnY,Aksum,602,"Discover Aksum, Oldest Inhabited City in Africa",20210121
cduwVlGpK0Q,Aksum,3410,"AXUM, ETHIOPIA ‚Äì SECRET OF THE LARGEST OBELISK IN THE WORLD",20200220
PM_PIraVbLo,Al+Qal'a+of+Beni+Hammad,150,Al Qal'a of Beni Hammad UNESCO NHK 9rnRiMh3dbI,20150324
tK9ImUwCHIw,Al+Qal'a+of+Beni+Hammad,240,Patrimoine Kal√¢a Des Beni Hammad,20210206
gptsVDbefW4,Al+Qal'a+of+Beni+Hammad,65,Part 5 #namur #dronevideo,20211017
xgP6dthxRec,Al+Qal'a+of+Beni+Hammad,283,Summer Festival,20171118
1O1IP28X3Gs,Al+Qal'a+of+Beni+Hammad,345,H & S,20171118
-nXO83DECps,Al+Qal'a+of+Beni+Hammad,114,Best Tourist Attractions Places To Travel In Algeria | Beni Hammad Fort Destination Spot,20171008
-UStQzivl_Y,Al+Qal'a+of+Beni+Hammad,433,#kabtihkayti | Algerian Roadtrip 1/6 | Ch.1 M'sila - Kal√¢a des B√©ni Hammad - ÿßŸÑŸÖÿ≥ŸäŸÑÿ© - ŸÇŸÑÿπÿ© ÿ®ŸÜŸä ÿ≠ŸÖÿßÿØ,20210303
KlAspCKyy0w,Al+Qal'a+of+Beni+Hammad,438,World Heritage Sites in Algeria by 2020.,20200401
25W8QHZ9iOA,Al+Qal'a+of+Beni+Hammad,182,Qalaat Beni Hammad,20200106
uRzXgUbETKI,Al+Qal'a+of+Beni+Hammad,166,kalaat beni hamad,20210605
WQfukdEqxuc,Al+Qal'a+of+Beni+Hammad,660,Kalaat Beni Hammad (2 sur 2) - Visite guid√©e du site,20200409
N9_VF7hxhwA,Al+Qal'a+of+Beni+Hammad,187,Alg√©rie - M'Sila | La Kal√¢a des B√©ni Hammad un site arch√©ologique class√© √† Maadid,20180423
oLFcAOSDYhM,Al+Qal'a+of+Beni+Hammad,1529,How To Build a Eachine Racer 250 DIY Kit Naze32 | Racing FPV Quadcopter,20160415
Im49dCJwC_Q,Al+Qal'a+of+Beni+Hammad,496,"[Unboxing - TEST] Syma X5SW-1 RTF RC Quadcopter, Camera WIFI FPV",20160330
8u82hOnpGvI,Al+Qal'a+of+Beni+Hammad,970,◊û◊ì◊®◊ô◊ö ◊û◊ú◊ê ◊ú◊®◊ó◊§◊ü HST Hc - 635,20180724
rQCgFuRJfwI,Al+Qal'a+of+Beni+Hammad,189,Don't go to Algeria - Travel film by Tolt #9,20170629
Rh0uDv0qxDs,Al+Qal'a+of+Beni+Hammad,203,Algiers By Drone - Skycam Algeria,20161230
iNoTGO31MAI,Al+Qal'a+of+Beni+Hammad,986,"Exploring ALGIERS, Capital City of ALGERIA ÿØÿ≤ÿßŸäÿ± üá©üáø",20191008
nG94OgRqVhc,Al+Qal'a+of+Beni+Hammad,171,ŸÇŸÑÿπÿ© ÿ®ŸÜŸä ÿ≠ŸÖÿßÿØ,20200618
SukIPzJf8YA,Archaeological+Site+of+Volubilis,866,RABAT Piscine ÿ•ŸÅÿ™ÿ™ÿßÿ≠ ÿ£ŸÉÿ®ÿ± ŸÖÿ≥ÿ®ÿ≠ ÿ®ÿ≠ÿ±Ÿä ÿßŸÑÿ´ÿßŸÑÿ™ ÿπÿßŸÑŸÖŸäÿß ŸàÿßŸÑÿßŸàŸÑ ÿ•ŸÅÿ±ŸäŸÇŸäÿß,20190707
GWahMSnJLSA,Al+Qal'a+of+Beni+Hammad,197,L'histoire des B√©ni Mzab,20200106
Dye1GlC7ecY,Al+Qal'a+of+Beni+Hammad,316,ÿ≥ÿ®Ÿäÿ≥ŸäŸÅŸäŸÉ (ÿ∑ÿßŸáÿ± ŸÖŸäÿ≥ŸàŸÖ ) ŸäŸÇÿµŸÅ ŸÖÿ≠ÿßŸÅÿ∏ ÿ®ŸÜŸÉ ÿßŸÑÿ¨ÿ≤ÿßÿ¶ÿ± Ÿà ŸäŸÅÿ∂ÿ≠ ÿπŸÑÿßŸÇÿ™Ÿá ŸÖÿπ ÿ≠ÿØÿßÿØ,20170129
dEtnJHeocKg,Al+Qal'a+of+Beni+Hammad,132,Tassili n'Ajjer (UNESCO/NHK),20100603
dtxqqkCYwIg,Al+Qal'a+of+Beni+Hammad,254,Berat - Gjirokast√´r (Unesco World Heritage) Albania,20170211
t4xGAaHRMgg,Al+Qal'a+of+Beni+Hammad,43,Kala√¢  B√©ni Hammad,20130420
wl3PnCWMhYA,Al+Qal'a+of+Beni+Hammad,631,Kala√¢ des B√©ni Hammad - Alg√©rie - M'sila-.mp4,20100108
Fl3xRkaPhDU,Al+Qal'a+of+Beni+Hammad,600,Documentaire Qalat Bani Hammad.MPG10min.mpg,20100630
9DxBuikqtMc,Al+Qal'a+of+Beni+Hammad,518,Kalaa des b√©ni Hammad,20130813
DjeMbb08CYg,Al+Qal'a+of+Beni+Hammad,220,2000 Year Old Roman Fortress Amphitheatre Wales,20160908
LYJuA9-mgPk,Al+Qal'a+of+Beni+Hammad,250,DJI Phantom 3 Drone Sunset Liverpool,20160830
w2itwFJCgFQ,Al+Qal'a+of+Beni+Hammad,968,The astounding athletic power of quadcopters | Raffaello D'Andrea,20130611
4ErEBkj_3PY,Al+Qal'a+of+Beni+Hammad,1007,Robots that fly ... and cooperate | Vijay Kumar,20120301
YUSBjS3SBb4,Al+Qal'a+of+Beni+Hammad,162,Invictus Drone video aerienne par drone de patrimoine en Bretagne,20190409
Ke4RVRKPz7U,Al+Qal'a+of+Beni+Hammad,143,Invictus Drone  video aerienne de montagne / Alpes,20190319
4ZkPcmJKaU4,Al+Qal'a+of+Beni+Hammad,56,La Qal'a des Ban√ª Hamm√¢d,20130524
b0w_xDyLXz0,Aldabra+Atoll,96,Aldabra Island - World's Second Largest Coral Atoll,20200519
5M2ZxO6SSQA,Aldabra+Atoll,59,"Aldabra Atoll, Outer Seychelles",20200406
A821PJGPVl0,Aldabra+Atoll,2992,Aldabra Expedition 2019,20200101
lDGS-HUUcMY,Aldabra+Atoll,3528,"SEYCHELLES, La Digue and Mah√© Islands in 4K Ultra HD Drone Video with Relaxing Music",20210323
UMMcfdqg6Po,Aldabra+Atoll,4383,POLYNESIA FULL LENGTH 75 MINUTES by DRONE - 4K UHD - RELAXATION + AMBIENT,20180208
mWjcaEZ5-pM,Aldabra+Atoll,346,Seychelles 4k drone - La Digue Islands,20151014
i28zZF3Pmic,Aldabra+Atoll,1006,UNBOXING ULTRA RARE REPTILES,20211018
6wNVKhLn7ZU,Aldabra+Atoll,32,Seychelles #1 of the Largest coral atoll in the world - Aldabra,20160429
wd716BM1s-E,Aldabra+Atoll,196,The Seychelles Islands - Drone 4K,20170314
6vRwbp4IkBI,Aldabra+Atoll,316,Seychelles during CovidüèùÔ∏è -  red coconut airbnb - PCR test in Eden island - drone view 4k üå¥,20210918
eSh4UP5uj9A,Aldabra+Atoll,180,JOURNEY TO TAHITI | HEAVEN ON EARTH DRONE 4K,20200616
STGZs-q431M,Aldabra+Atoll,120,The Beauty Of The Seychelles ‚Äì By Drone In 4K | La Digue & Mah√© Seychellen Tipps,20180118
gSoc85RPc80,Aldabra+Atoll,662,Aldabra Atoll Seychelles Travel / Diving Tipps,20171116
9fpdSPAUQcs,Aldabra+Atoll,491,Amazing Seychelles Island In East Africa 4K | Blue Moon Universe |,20211016
hQlpEP9Noo0,Aldabra+Atoll,144,Seychelles Aldabra Giant Tortoises,20150723
A-7CW_mMBII,Aldabra+Atoll,86,Aldabra Atoll Marine World Heritage Site,20120525
Fmw-F4r5sc8,Aldabra+Atoll,525,"Bora Bora, French Polynesia üáµüá´ - by drone [4K]",20210122
j7rPiBCMBVg,Aldabra+Atoll,1619,A la d√©couverte d'Aldabra - Documentaire,20180608
zoseOo3VAXw,Aldabra+Atoll,195,Aldabra Expedition 2019,20190311
6bb9XXg97ic,Aldabra+Atoll,107,Aldabra Atoll,20200427
JEUQ1G6x8Mo,Archaeological+Site+of+Sabratha,151,„Äê4K„ÄëThe Amphitheatre of El Jem (Tunisia) | 2020 | UltraHD Travel Video,20200526
NQJIhp_j_DU,Amphitheatre+of+El+Jem,63,Amphitheatre of El Djem in Tunisia ~ Drone footage,20180808
FqTxkATOFiI,Amphitheatre+of+El+Jem,279,"El Jem , Tunisia  HD",20140409
W9TKM2rCm8w,Amphitheatre+of+El+Jem,36,El Jem - Drone  training,20200912
-4KO4qi9z3M,Amphitheatre+of+El+Jem,152,Amphitheatre of El Jem (UNESCO/NHK),20131105
1K9-17Fmoh4,Amphitheatre+of+El+Jem,131,"El Jem Roman Amphitheatre 4K (UNESCO World Heritage Site: Ancient Thysdrus, Tunisia, North Africa)",20201211
cogNMPXY8Qk,Amphitheatre+of+El+Jem,61,Explore the Amphitheatre of El Djem (Tunisia) - Google Street View Experience,20171111
F6qeLhizepc,Amphitheatre+of+El+Jem,514,"ÿ¨ŸàŸÑÿ© ŸÅŸä ÿ™ŸàŸÜÿ≥ Driving in Tunisia El Jem üáπüá≥  The Roman City Of Thysdrus   , ÿßŸÑÿ¨ŸÖŸë (4K)",20211016
sHORcz5nqIc,Amphitheatre+of+El+Jem,54,Amphitheatre of El Jem - 360¬∞ VR,20160525
PyMvpUXyEi4,Amphitheatre+of+El+Jem,227,Visita a Sabbioneta con drone,20211017
hJsi0qW-EYU,Amphitheatre+of+El+Jem,61,Amphitheatre of El Jem,20120122
2E5zQ_0-ex4,Amphitheatre+of+El+Jem,256,El Djem amphitheater,20190208
lTV7I1SIq_s,Amphitheatre+of+El+Jem,1215,Sir Hta Tji 3 - ep9 - ÿ≥Ÿäÿ± ÿ≠ÿ™Ÿâ ÿ™ÿ¨Ÿä,20140920
5X79LyKtsrs,Amphitheatre+of+El+Jem,1253,Sir Hta Tji 3 - ep22 - ÿ≥Ÿäÿ± ÿ≠ÿ™Ÿâ ÿ™ÿ¨Ÿä,20141006
wS7D7ewXPtU,Amphitheatre+of+El+Jem,289,"Libyco-Roman ruins at Dougga (Thugga) UNESCO World Heritage Site, Tunisia, North Africa: travel VLOG",20201019
OtJVufo3IrA,Archaeological+Site+of+Carthage,356,Tunisia: Like you've never seen before,20200322
dG7ZjHIVTQY,Amphitheatre+of+El+Jem,1014,"Why You Should Visit SOUSSE, TUNISIA (& El Jem) ÿ≥Ÿàÿ≥ÿ© üáπüá≥",20191204
uAF73qNIklk,Amphitheatre+of+El+Jem,212,ŸÇÿµÿ± ÿßŸÑÿ¨ŸÖ---Amphith√©√¢tre d'El Jem,20171021
G_WoDMAMji8,Archaeological+Site+of+Carthage,201,TUNISIA Travel: 5 The Most Beautiful Sights Spot in Tunisia,20180501
2f17jy7Ps40,Amphitheatre+of+El+Jem,171,TUNISIA Travel Guide üáπüá≥ | top 5 best places in Tunisia that you must visit !!,20171202
N7sW8KikiqM,Amphitheatre+of+El+Jem,460,"CRETE | KRETA, Greece | Beautiful Beaches Aerial Drone 4K by thedronebook",20160911
74eW17GS-n4,Amphitheatre+of+El+Jem,434,Magnifiques paysages de la Tunisie !,20140328
O62nx0Q9zP0,Amphitheatre+of+El+Jem,61,Explore the Amphitheatre of El Djem in Tunisia on Google Maps - ‚ÄéÿßŸÉÿ™ÿ¥ŸÅ ŸÇÿµÿ± ÿßŸÑÿ¨ŸÖ ŸÅŸä ÿ™ŸàŸÜÿ≥,20170723
XRxmpJUdk8M,Amphitheatre+of+El+Jem,1575,"Medina of Sousse, Amphitheatre of El Jem... True Tunisia / season 2 (day 2 & 3)",20171226
UCV5kIQSpX8,Amphitheatre+of+El+Jem,535,El Djem | Amphitheatre | Exploring Tunisia!,20171110
T2C4J7V0DGw,Amphitheatre+of+El+Jem,98,El Jem undergound,20200209
NZoCnltFqKg,Amphitheatre+of+El+Jem,199,El Jem hyperlapse,20200212
ckR2rpeD4KU,Amphitheatre+of+El+Jem,48,The amphitheater of El Jem also called Coliseum of Thysdrus,20200923
Wt5xINw8OFM,Amphitheatre+of+El+Jem,381,Tunisia - Amphitheatre El Djem,20160819
Rc7W3-qgzZA,Amphitheatre+of+El+Jem,130,"L'amphith√©√¢tre d'El Jem, ' Colis√©e de Thysdrus '",20180113
CLv98OxKfws,Ancient+Ferrous+Metallurgy+Sites+of+Burkina+Faso,111,Site Diary: Iron Age Or Bronze Age?,20180804
ereJcjDAKLM,Ancient+Ferrous+Metallurgy+Sites+of+Burkina+Faso,2580,Ancient African Iron Smelting Technology,20160828
AUn6LzakHsM,Ancient+Ferrous+Metallurgy+Sites+of+Burkina+Faso,1175,Smelting Iron from ROCKS (Primitive Iron Age Extraction),20200813
PdxvLvYxrv0,Archaeological+Site+of+Sabratha,243,Drone-assisted archeology - hi-tech,20140916
39OgGIE9CEY,Ancient+Ferrous+Metallurgy+Sites+of+Burkina+Faso,1041,History of Burkina Faso,20210512
4suIzm-t0_g,Archaeological+Sites+of+the+Island+of+Meroe,971,Aspects of Archaeology: Drones,20170529
uUDzWEwlF2c,Ancient+Ferrous+Metallurgy+Sites+of+Burkina+Faso,3349,IRON VILLAGE: The Mossi Village of Dablo in Burkina Faso,20170130
eYga8cdUSnM,Ancient+Ferrous+Metallurgy+Sites+of+Burkina+Faso,661,IRON from SAND - Oldest form of iron smelting,20190613
wN-CW-O-aUw,Ancient+Ferrous+Metallurgy+Sites+of+Burkina+Faso,524,Burkina Faso Malayalam Documentary 4k Quality | ‡¥ï‡¥∞‡¥ï‡µó‡¥∂‡¥≤‡¥ô‡µç‡¥ô‡¥≥‡µÅ‡¥ü‡µÜ ‡¥®‡¥æ‡¥ü‡µç,20210529
tPeNv0H-5n0,Ancient+Ferrous+Metallurgy+Sites+of+Burkina+Faso,135,Bronze sculpture business flourishes in Burkina Faso,20160513
TOzXyhlE0JM,Ancient+Ferrous+Metallurgy+Sites+of+Burkina+Faso,272,Bient√¥t un avion made in Burkina?,20180406
OlhHawHvvH4,Ancient+Ferrous+Metallurgy+Sites+of+Burkina+Faso,196,L'orpaillage au Burkina Faso,20140112
WfeMxFvAHGg,Ancient+Ferrous+Metallurgy+Sites+of+Burkina+Faso,502,Burkina Faso üáßüá´: Ouagadougou - ville magnifique en 2021,20210121
LaShi-R6BBo,Ancient+Ferrous+Metallurgy+Sites+of+Burkina+Faso,344,D√©couvrez la capitale du Burkina Faso Ouagadougou,20210731
OP8PCkcBZU4,Ancient+Ferrous+Metallurgy+Sites+of+Burkina+Faso,3001,The Secrets of Wootz Damascus Steel,20171121
WKbZbdmJPOQ,Ancient+Ferrous+Metallurgy+Sites+of+Burkina+Faso,1249,Gold Rush in African Mining | Uganda | EP 8 | Tamil Trekker,20210428
DO1uIaC-hM0,Ancient+Ferrous+Metallurgy+Sites+of+Burkina+Faso,1503,Speaking With God: A Mossi Diviner,20141122
d3uKr48g990,Ancient+Ferrous+Metallurgy+Sites+of+Burkina+Faso,4534,"Full video! Iron upgrading, forging hammer, daggers, spearheads and tools necessary for survival",20200201
djB9oK6pkbA,Ancient+Ferrous+Metallurgy+Sites+of+Burkina+Faso,896,The 1751 Machine that Made Everything,20180315
0XgeA5RQH-g,Ancient+Ferrous+Metallurgy+Sites+of+Burkina+Faso,761,15 Giant & Powerful People You'd Never Want To Mess With!,20201022
D21oQQ-zXAM,Ancient+Ferrous+Metallurgy+Sites+of+Burkina+Faso,115,Ugandan home made helicopter,20170413
BDB5Rqquz5Y,Ancient+Ferrous+Metallurgy+Sites+of+Burkina+Faso,636,Best sleeping positions for scoliosis,20200213
VXUo1L-Slwc,Ancient+Ferrous+Metallurgy+Sites+of+Burkina+Faso,117,A Super Quick History of Burkina Faso,20190918
NineJz3z720,Ancient+Ferrous+Metallurgy+Sites+of+Burkina+Faso,3138,"Geology and evaluation of the Canga iron ore deposit, Republic of Guinea, West Africa - Richard Rice",20200904
ZFmYdVQekv4,Ancient+Ferrous+Metallurgy+Sites+of+Burkina+Faso,432,Discover Ouagadougou | Burkina Faso's Capital 2021 üáßüá´ @ùêÑùêôùêå.,20210910
dUNttVBf86o,Ancient+Ferrous+Metallurgy+Sites+of+Burkina+Faso,116,FESPACO 2021,20211018
1xRQfvtXm3s,Ancient+Ferrous+Metallurgy+Sites+of+Burkina+Faso,555,10 Best Places to Visit in Burkina Faso,20210302
bmi1ULwd0HA,Ancient+Ferrous+Metallurgy+Sites+of+Burkina+Faso,4421,‚ÄúArchaeology at ULB: a survey‚Äù (ULB) | Cups&Cakes series,20210621
U_4Sf4bFd-U,Ancient+Ferrous+Metallurgy+Sites+of+Burkina+Faso,96,Burkina aims for world heritage recognition,20090622
J6fUHetYxMI,Ancient+Ferrous+Metallurgy+Sites+of+Burkina+Faso,525,STRIKING IRON: DOKWAZA: LAST OF THE AFRICAN IRON MASTERS,20180709
eVKoz85-Vg8,"Ancient+Ksour+of+Ouadane,+Chinguetti,+Tichitt+and+Oualata",128,"Anciens ksour de Ouadane, Chinguetti, Tichitt et Oualata",20201014
docvWgE7FPo,"Ancient+Ksour+of+Ouadane,+Chinguetti,+Tichitt+and+Oualata",168,"Ancient Ksour of Ouadane, Chinguetti, Tichitt and  ... (UNESCO/NHK)",20130326
4av4PSwArz4,"Ancient+Ksour+of+Ouadane,+Chinguetti,+Tichitt+and+Oualata",1677,"Exploring The Ancient Ruins Of Ouadane, Mauritania! - The Greatest Place You've NEVER Been!",20201118
vnz4ad89aaE,"Ancient+Ksour+of+Ouadane,+Chinguetti,+Tichitt+and+Oualata",678,Oualata 1997  / ŸÖÿØŸäŸÜÿ© ŸàŸÑÿßÿ™Ÿá 1997ŸÖ,20200926
zbUaS_kACq8,"Ancient+Ksour+of+Ouadane,+Chinguetti,+Tichitt+and+Oualata",918,Voyage √† Oualata,20160308
b4mv9znfJkE,"Ancient+Ksour+of+Ouadane,+Chinguetti,+Tichitt+and+Oualata",2389,Evidence From The Ground That The Richat Structure Is Atlantis,20190509
XIvl2N9_wsM,"Ancient+Ksour+of+Ouadane,+Chinguetti,+Tichitt+and+Oualata",2993,Chinguetti - A Cidade da Toler√¢ncia,20130205
LJ_wis8zNDA,"Ancient+Ksour+of+Ouadane,+Chinguetti,+Tichitt+and+Oualata",551,Visiting Mauritania - Lifelong Dream!,20180610
3mfm79DphaU,"Ancient+Ksour+of+Ouadane,+Chinguetti,+Tichitt+and+Oualata",573,Ouleye mint amar tichitt ŸÖŸàÿ±Ÿäÿ™ÿßŸÜŸäÿß 10,20080414
RveQwOB1XfI,"Ancient+Ksour+of+Ouadane,+Chinguetti,+Tichitt+and+Oualata",3025,Finding Atlantis - Full Science Documentary,20190404
QwdVUiQg1s4,"Ancient+Ksour+of+Ouadane,+Chinguetti,+Tichitt+and+Oualata",433,ghermy esweydeye music mauritania,20110216
_mcgBCWqiqg,"Ancient+Ksour+of+Ouadane,+Chinguetti,+Tichitt+and+Oualata",752,Did They Finally Find the Lost City of Atlantis?,20181005
tSx_0stJI0w,"Ancient+Ksour+of+Ouadane,+Chinguetti,+Tichitt+and+Oualata",296,THE TRUTH ABOUT ATLANTIS - Graham Hancock on London Real,20160918
q7J7RTbwvOc,"Ancient+Ksour+of+Ouadane,+Chinguetti,+Tichitt+and+Oualata",379,Preserving ancient Arabic manuscripts,20150721
iSlUGjmd0tg,"Ancient+Ksour+of+Ouadane,+Chinguetti,+Tichitt+and+Oualata",311,Haratin is characterised by a rich cultural heritage,20180614
TbLwBmday6E,"Ancient+Ksour+of+Ouadane,+Chinguetti,+Tichitt+and+Oualata",370,Ouleya Mint Amartichitt Mema,20120716
8T1OWMhLaFE,"Ancient+Ksour+of+Ouadane,+Chinguetti,+Tichitt+and+Oualata",280,Griot de Mauritanie,20091010
XdyaGqo4QCU,"Ancient+Ksour+of+Ouadane,+Chinguetti,+Tichitt+and+Oualata",313,La r√©colte de l'amersal √† Tichitt,20210307
_y9D2UQrXc0,"Ancient+Ksour+of+Ouadane,+Chinguetti,+Tichitt+and+Oualata",87,geithne a tichitt 1,20090908
acinpOhh1v0,"Ancient+Ksour+of+Ouadane,+Chinguetti,+Tichitt+and+Oualata",205,One day in Chinguetti,20210207
8U41S3OtVzI,"Ancient+Ksour+of+Ouadane,+Chinguetti,+Tichitt+and+Oualata",447,"Lost Ruins Of Mauritania, Africa",20190328
ix0n0WuoUAU,"Ancient+Ksour+of+Ouadane,+Chinguetti,+Tichitt+and+Oualata",130,Oualata Walata,20091226
SI2aH2lEEB4,"Ancient+Ksour+of+Ouadane,+Chinguetti,+Tichitt+and+Oualata",425,Walata 2014  Oualata 2014,20140120
NX33TaKktGY,"Ancient+Ksour+of+Ouadane,+Chinguetti,+Tichitt+and+Oualata",91,tichitt,20130315
DIPgHU_FGB0,"Ancient+Ksour+of+Ouadane,+Chinguetti,+Tichitt+and+Oualata",109,Chinguetti the library of the desert (Mauritania),20061001
X6aco90bu3c,"Ancient+Ksour+of+Ouadane,+Chinguetti,+Tichitt+and+Oualata",370,"Mauritania Adrar Ouadane, Downtown, Gopro / Mauritanie Adrar Ouadane, Centre ville, Gopro",20190323
vmO0TgvbYl8,"Ancient+Ksour+of+Ouadane,+Chinguetti,+Tichitt+and+Oualata",228,geitne de tichitt 4,20090907
N8lpJ1WE29w,"Ancient+Ksour+of+Ouadane,+Chinguetti,+Tichitt+and+Oualata",2941,FINAL WALATA 1,20150415
ecCxZQL1nzY,"Ancient+Ksour+of+Ouadane,+Chinguetti,+Tichitt+and+Oualata",353,tichitt   s.flv,20100405
hOQc6g0Rztk,"Ancient+Ksour+of+Ouadane,+Chinguetti,+Tichitt+and+Oualata",76,Inside the ancient town of Chingueti,20161026
KV0hmkuS5ec,Ancient+Thebes+with+its+Necropolis,120,Ancient Thebes with its Necropolis (UNESCO/TBS),20120822
UmvJWlCUDRI,Ancient+Thebes+with+its+Necropolis,176,Ancient Thebes with its Necropolis (UNESCO/NHK),20100603
H32X3nKto4k,Ancient+Thebes+with+its+Necropolis,120,Ancient Thebes with its Necropolis (UNESCO/TBS),20120822
oQ_MdOdnm4I,Ancient+Thebes+with+its+Necropolis,114,Ancient Thebes with its Necropolis* UNESCO World Heritage Sit,20110213
pIjbzF-hOCw,Ancient+Thebes+with+its+Necropolis,104,Ancient Thebes with its Necropolis* Tours,20140815
onWRXXg7QZg,Ancient+Thebes+with+its+Necropolis,148,The Giza Necropolis - Aerial Video,20111225
7JrIJFOyyvM,Ancient+Thebes+with+its+Necropolis,3609,Ptolemaic Era 49 BC - Giza Necropolis Ambience (Day & Night Cycle),20190223
hHMx2vl68EE,Ancient+Thebes+with+its+Necropolis,103,Ancient Thebes with its Necropolis* Travel,20140810
4nQbeN_NLVM,Ancient+Thebes+with+its+Necropolis,1147,Exploring Ancient Thebes on Assassin's Creed Origins,20210530
Dtw2vfKihXA,Ancient+Thebes+with+its+Necropolis,1195,Ancient Monuments of Egypt in 4K Ultra HD,20170728
HYgtAx7TokU,Ancient+Thebes+with+its+Necropolis,258,Thebes the City of Was,20210225
hR-Q4xQQb00,Ancient+Thebes+with+its+Necropolis,590,Waset Thebes Luxor Egypt Ancient Egypt History Archaeology The Past,20200325
Nu7N9R4t53Y,Ancient+Thebes+with+its+Necropolis,753,BEFORE Civilization Began...Ancient Egyptian Temple Discovered 15 Meters Below the Sahara Desert,20210821
TJcp13hAO3U,Ancient+Thebes+with+its+Necropolis,564,How were the pyramids of egypt really built - Part 1,20120614
sONLWHuYo7w,Ancient+Thebes+with+its+Necropolis,570,The Great Pyramid Mystery Has Been Solved,20171018
pOznETH5nGY,Ancient+Thebes+with+its+Necropolis,302,Egyptology - Pyramid Construction,20160720
C1y8N0ePuF8,Ancient+Thebes+with+its+Necropolis,1282,Building the Pyramids of Egypt ...a detailed step by step guide.,20130928
RtsCs_VfszE,Ancient+Thebes+with+its+Necropolis,324,Pyramid Giza Egypt 4K Mavic pro drone 4K(part 1/2 ),20180512
KETspdNjHEw,Ancient+Thebes+with+its+Necropolis,575,The 5 Most Mysterious Temples,20161221
GI6dOS5ncFc,Ancient+Thebes+with+its+Necropolis,3780,Ancient Egyptian Music - Tomb of the Ancients,20160823
uRHAqLAL3LI,Ancient+Thebes+with+its+Necropolis,276,Beauty Of EGYPT | 8K 60FPS (ULTRA HD),20200713
AJ6LV1wnu0E,Ancient+Thebes+with+its+Necropolis,4569,Soundtrack The Prince Of Egypt Hans Zimmer Full Album HD,20150415
wF0VA9mlCMs,Ancient+Thebes+with+its+Necropolis,194,A Trip to Luxor - Thebes - Ancient Egypt - Luxor Temple - Egypt Travel,20200406
8BHJP7uLcq4,Ancient+Thebes+with+its+Necropolis,906,Tour Inside The Great Pyramid | Ancient Presence,20191203
1RGeTWkth20,Ancient+Thebes+with+its+Necropolis,2818,Thebes (In Our Time),20180806
1acwMGKRHmo,Ancient+Thebes+with+its+Necropolis,420,Travel Video | The mysterious city of Thebes| Egypt| Karnak and Luxor,20190511
ywqJ7UW9g3I,Ancient+Thebes+with+its+Necropolis,413,Thebes (1964),20140413
xjzYGWddvrM,Ancient+Thebes+with+its+Necropolis,160,Memphis and its Necropolis -- the Pyramid Fields from Giza to Dahshur (UNESCO/NHK),20100603
yCmZm5-QmZU,Ancient+Thebes+with+its+Necropolis,1851,Recent Fieldwork in Ancient Thebes | Part 2: Medinet Habu,20200823
7ObYWL1LlyQ,Ancient+Thebes+with+its+Necropolis,3524,The Fall Of Egypt: An End To Civilisation | Immortal Egypt | Odyssey,20210226
uX98HXP3Imw,Archaeological+Site+of+Carthage,635,RUINS OF CARTHAGE,20180916
fa_l-d3YoPc,Archaeological+Site+of+Carthage,180,Archaeological Site of Carthage (UNESCO/NHK),20131105
fN1phqWil8s,Archaeological+Site+of+Sabratha,813,Archaeological Site 3D Drone Mapping | Nuraghe | Sardinia,20180410
JLFLs_qPrJE,Archaeological+Site+of+Carthage,343,"The ruins of the ancient city of Carthage, Tunisia",20210318
6rIgO3rJp0c,Archaeological+Site+of+Carthage,417,"Archaeological Site of Carthage, UNESCO World Heritage site - True Tunisia / season 1 (episode 11)",20151009
OABGDengovU,Archaeological+Site+of+Carthage,152,Archaeological Site of Carthage (UNESCO/NHK),20100603
viAcoH9HliY,Archaeological+Sites+of+the+Island+of+Meroe,155,Archaeology Imaging Drone,20170502
1kIYIMBY7IE,Archaeological+Site+of+Carthage,212,Aerial view of Archaeological sites : Dougga - El Jem - Carthage,20160821
EdAx2ej0lDE,Archaeological+Site+of+Carthage,288,Tunis drone view - Tunisia drone 4k - Flying over Tunisia in drone,20210716
RPe2wYKFQQc,Archaeological+Site+of+Carthage,322,Archaeologists in Peru add drones to their list of tools,20150106
1Of2cjj3nEw,Archaeological+Sites+of+the+Island+of+Meroe,133,Drones and Archaeology,20161115
H-3N1rWtQVc,Archaeological+Site+of+Volubilis,1579,Archaeological Prospection using Drone-acquired Thermal and Multispectral Imagery,20191004
Ar3u6VsN24k,Archaeological+Site+of+Sabratha,862,"Archaeologists Have Unearthed A 9,000-Year-Old City In Palestine That Rewrites Human History",20191102
2Rvtzfh1NGI,Archaeological+Site+of+Carthage,668,10 UNSETTLING Discoveries In Africa Nobody Can Explain!,20200208
39ENPZ3Xe0I,Archaeological+Sites+of+the+Island+of+Meroe,321,4 Awesome Discoveries made with LIDAR Technology,20180319
5XxA4CX_Ip8,Archaeological+Site+of+Carthage,304,What Did Ancient Rome Look Like? (Cinematic Animation),20191104
aP3vMU5b3n0,Archaeological+Site+of+Carthage,267,Sidi Bou Said film√© par un drone accompagn√©e par la musique d‚ÄôAnouar Brahem,20210316
n8j088kVI3c,Archaeological+Site+of+Carthage,60,#4-Exploring the Ruins Of Ancient Carthage,20200922
GjFmohOcErk,Archaeological+Site+of+Carthage,1380,The potential futures of drone recording in Archaeology and Cultural Heritage,20160331
H2etNicpWqg,Archaeological+Site+of+Cyrene,88,Archaeologists Use Drones to Survey Ancient Middle Eastern Sites,20150824
0DnXV6R0nh0,Archaeological+Site+of+Carthage,2889,The Remains Of Carthage - Part 2 of 2 (Ancient Rome Documentary) | Timeline,20170603
srD0xpK5l48,Archaeological+Site+of+Carthage,72,V1 0003 DJI 0010 - Drone Stock Videos - Dougga Archaeological site,20200808
zzd2QcHrSiI,Archaeological+Site+of+Carthage,372,Ancient Port of Carthage,20120122
Q62qtSg7-Cs,Archaeological+Site+of+Carthage,51,Kerkuane--the world's most intact Carthage ruins,20190709
JD5crDGK8SY,Archaeological+Site+of+Cyrene,179,Archaeological Site of Cyrene (UNESCO/NHK),20130920
vM9Zc1wLO-4,Archaeological+Site+of+Cyrene,460,Archaeological Site of Cyrene / Tourist Destination Libya,20181030
dCYqer3iGP0,Archaeological+Site+of+Cyrene,695,UNESCO Cyrene Libya World Heritage Site,20110228
CHp-tOZv5Ag,Archaeological+Site+of+Cyrene,910,The Ancient Greek City of Cyrene Cinematic Documentary,20210106
xsHUBoYi5JM,Archaeological+Site+of+Cyrene,1205,Cyrene Interesting archaeological site,20191124
waanoQyGROc,Archaeological+Site+of+Cyrene,235,"Miletus, Balat, Didim,Turkey.. [4K] / Flying with a DJI MAVIC MINI 2 Drone @",20210916
FkGbIqTNIY8,Archaeological+Site+of+Cyrene,574,Cyrene (Libya) Vacation Travel Video Guide,20190629
jm8NiIpRC-0,Archaeological+Site+of+Cyrene,269,UNESCO Cyrene Libya Temple of Zeus,20110228
3DeQ7xuMtXM,Archaeological+Site+of+Cyrene,180,Archaeological site of Paleopolis,20150227
kpstMSbtEbA,Archaeological+Site+of+Cyrene,2382,The City of Athens in Ancient Greece Full Cinematic Documentary,20200824
GTF_w9vegH4,Archaeological+Site+of+Cyrene,263,Parthenon Athens Greece temple on the Athenian Acropolis Œ†Œ±œÅŒ∏ŒµŒΩœéŒΩŒ±œÇ Drone Aerial Video : Greece,20160626
vD6XVWwoIac,Archaeological+Site+of+Cyrene,485,Portree Isle of Skye - Scotland UK - (Staycation Ideas) - Drone Footage and Images Compilation,20210410
m2YEZXHubbE,Archaeological+Site+of+Sabratha,487,Libya's beautiful beaches (2),20070510
T_kWonTumT4,Archaeological+Site+of+Cyrene,138,Archaeological Site of Cyrene ŸÖÿØŸäŸÜÿ© ÿ¥ÿ≠ÿßÿ™ ÿßŸÑÿ£ÿ´ÿ±Ÿäÿ©,20181103
APTB2dPYGCQ,Archaeological+Site+of+Cyrene,183,"UNESCO Archaeological Site of Cyrene, Libya",20200713
xj65PN3CTxQ,Archaeological+Site+of+Cyrene,130,"National Geographic: Archaeological recording using UAV (drones) at Tel el-Hammam, Jordan",20191204
0VdSfqRa9p8,Archaeological+Site+of+Cyrene,384,Mapping the church in 3D with digital photography,20170203
nBo0H7HyEhI,Archaeological+Site+of+Cyrene,109,Ancient Greek City of Cyrene In Libya | Inside Gulf,20210326
wQ4fR1_WqYE,Archaeological+Site+of+Cyrene,227,Calls to protect heritage site spoilt by vandals and rubbish,20210416
npl8XH-bIt4,Archaeological+Site+of+Cyrene,499,The founding of Cyrene (Assassin's Creed: Origins; Ancient Egypt Discovery Tour),20181006
i0nfdSy7vD0,Archaeological+Site+of+Sabratha,168,Archaeological Site of Leptis Magna (UNESCO/NHK),20130524
hvrhfLkX_YE,Archaeological+Site+of+Leptis+Magna,382,Leptis Magna  #Libyan  #Italian #Roman  #Lucius_Septimius_Severus,20201104
Vw-Me-30Bys,Archaeological+Site+of+Leptis+Magna,1533,Leptis Magna Vacation Travel Video Guide,20130814
NmqRyL6_siE,Archaeological+Site+of+Leptis+Magna,574,Leptis Magna (Libya) Vacation Travel Video Guide,20181210
EmF4GT-S-Yw,Archaeological+Site+of+Leptis+Magna,320,"I CAN'T BELIEVE THIS (Leptis Magna, Libya)",20191208
UPxTdj_3ZWo,Archaeological+Site+of+Leptis+Magna,230,"LEPTIS MAGNA, ROMAN CITY IN LIBYA",20210617
uHxPAye2m5k,Archaeological+Site+of+Leptis+Magna,2765,Discover Libya - Leptis Magna - Part 1,20170326
hY_iKT16N54,Archaeological+Site+of+Leptis+Magna,289,Leptis Magna (Libya) Vacation Travel Video Guide,20210216
sPKMCqznvgw,Archaeological+Site+of+Leptis+Magna,1429,The Punics & the Ancient Forum of Severus' Bascilica,20140615
NhFW3QhtngY,Archaeological+Site+of+Leptis+Magna,178,Trip to Leptis Magna,20200903
p5w8cTs_ABU,Archaeological+Site+of+Leptis+Magna,233,Leptis Magna,20090611
NtrWeiP6Xy8,Archaeological+Site+of+Leptis+Magna,363,Trailer: LEPTIS MAGNA - ROME IN AFRICA,20131216
aELIwzYduto,Archaeological+Site+of+Leptis+Magna,817,70 Million Years Old...Ancient Underground City Discovered Below Three Layers of Sediment,20210817
yetwTLHmRq8,Archaeological+Site+of+Leptis+Magna,2077,"Baffling Ancient America Discoveries | Mysterious Ruins, Huge Mounds and Lost Civilizations",20200313
LsIjwvM65zk,Archaeological+Site+of+Leptis+Magna,2427,Using Open Source LiDAR for Archaeology,20200701
A9kTd7XinCo,Archaeological+Site+of+Leptis+Magna,394,How To Do Aerial Archaeology From Your Home,20200617
U1jIzFG3YXQ,Archaeological+Site+of+Leptis+Magna,3557,Using Lidar for Archaeological Research,20200810
UswjHNEfZ3Q,Archaeological+Site+of+Leptis+Magna,1284,Ancient Sicily & the Valley of Temples,20140615
JB9Fr39R1a4,Archaeological+Site+of+Leptis+Magna,760,ROMAN RUINS DIVING IN NAPLES ITALY | Campi Flegrei Diving at The Sunken City of Baia,20200104
HPzgGW6Cfsk,Archaeological+Site+of+Leptis+Magna,474,5 Incredibly Well Preserved Roman Buildings,20180712
NfJf8-6Q6Cw,Archaeological+Site+of+Leptis+Magna,2682,IMPERIOS (Los Barcos M√°s Antiguos)  -  Documentales,20190104
6HxsnVukHjw,Archaeological+Site+of+Leptis+Magna,44,"Teatro, Leptis Magna / Roman Theatre",20141231
zxCVDWLB-eU,Archaeological+Site+of+Leptis+Magna,496,"UNESCO Leptis Magna Libya, Severun Arch to the Basilica",20110306
Ci_7XhHnOdg,Archaeological+Site+of+Leptis+Magna,240,"LEPTIS MAGNA ROMAN RUINS, SURREY, UK   |   Walking Tour   |   Pinned on Places",20210723
mUeFfz7NmqA,Archaeological+Site+of+Leptis+Magna,2678,leptis magna,20190623
ZDRLbn0h4Gk,Archaeological+Site+of+Leptis+Magna,350,The Most Amazing Roman Ruins You Will Never See,20131216
QjJtTExz0LA,Archaeological+Site+of+Leptis+Magna,449,"Leptis Magna, pearl of Libya",20090404
Jrf9QaHnE6o,Archaeological+Site+of+Leptis+Magna,202,"Libye: patrimoine de l'Unesco, le site de Leptis Magna pratiquement abandonn√©",20170429
NX2HY2cpdu0,Archaeological+Site+of+Leptis+Magna,166,"Leptis Magna Roman Ruins, Libya (1972)",20101026
aB39eTPLbLU,Archaeological+Site+of+Sabratha,176,Archaeological Site of Sabratha (UNESCO/NHK),20130524
wdrDliJZDhE,Archaeological+Site+of+Sabratha,548,LIBYA - The hidden Treasures - Archaeological Site of Sabratha,20090713
IDM33bzVZEg,Archaeological+Site+of+Sabratha,574,Sabratha (Libya) Vacation Travel Video Guide,20180906
qf2uA_oRcHc,Archaeological+Site+of+Sabratha,60,Watch drone footage of an ancient East African stone tool site | Science News,20190603
9KsqUGJLvaY,Archaeological+Site+of+Sabratha,714,UNESCO Sabratha Libya,20110324
NrDhbGeU7Y0,Archaeological+Site+of+Sabratha,666,Sabratah City Libya ( Ancient Sabratha),20210228
3POsX55281Q,Archaeological+Site+of+Sabratha,97,"ArchaeoFlights #1:  Archaeology, Drones and Scientific Dissemination - Espartinas salt mines",20161123
sE954-mVWqY,Archaeological+Site+of+Sabratha,486,"An Archaeologist Was Exploring A Cave In Europe When He Found An Incredible 43,000 Year Old Relic",20190129
SATijfXnshg,Archaeological+Site+of+Sabratha,284,3D MAPPING with a DJI Phantom & Drone Deploy,20160802
BhHro_rcgHo,Archaeological+Site+of+Sabratha,415,Phoenix Aerial AL3-16 UAV LiDAR Mapping System Overview,20150602
e8rEdOyJNIE,Archaeological+Site+of+Sabratha,173,"Tripoli, Libya",20101025
BID-6GgcdX8,Archaeological+Site+of+Sabratha,1160,Quick drive around Tripoli Libya,20200326
sQAAWdpz2AE,Archaeological+Site+of+Sabratha,20,"Ancient Roman site Sabratha classed ""endangered"" by UNESCO",20181004
KeXvVNlOVFw,Archaeological+Site+of+Sabratha,133,Libya Roman Ruins Sabratha,20080813
YpLvBlPLhxw,Archaeological+Site+of+Sabratha,73,Ancient Theater Of Epidavros Drone Footage 2,20200523
U76tisUrm-U,Archaeological+Site+of+Sabratha,82,"ArchaeoFlights #2:  Archaeology, Drones and Scientific Dissemination - San Vitor's necropolis",20170418
JSV_9zi37dI,Archaeological+Site+of+Sabratha,9,Sabratha ruins of Libya,20091215
IzYAXEX6yWU,Archaeological+Site+of+Sabratha,310,Drone flight over ancient irrigation system | Washington University,20180105
Mr7ifOaz44c,Archaeological+Site+of+Volubilis,147,Archaeological Site of Volubilis (UNESCO/NHK),20131105
WIoAVKVUcHg,Archaeological+Site+of+Volubilis,83,ARCHEOLOGICAL SITE OF VOLUBILIS ‚Äì INTRIGUING UNESCO WORLD HERITAGE SITE,20200427
pX17XGkZRuM,Archaeological+Site+of+Volubilis,269,"Volubilis, Morocco in 4K",20140701
-eFJEudu-bw,Archaeological+Site+of+Volubilis,808,Volubilis - Morocco Historical Place - Travel & Discover,20180725
jYgw-vCeFdI,Archaeological+Site+of+Volubilis,156,Volubilis - Roman ruins and mosaics,20130919
xUpeVSo5cu0,Archaeological+Site+of+Volubilis,373,"[Traveling Morocco] Volubilis : Roman Ruins(UNESCO World Heritage Site),  Î™®Î°úÏΩî ÏµúÎåÄ Î°úÎßà Ïú†Ï†ÅÏßÄ, Î≥ºÎ£®ÎπåÎ¶¨Ïä§",20201026
Pm3rTW-nznE,Archaeological+Site+of+Volubilis,373,The Roman City Volubilis : a picturesque and interesting site,20170617
BKL-o8HCyuU,Archaeological+Site+of+Volubilis,214,VOLUBILIS - Roman city Ruins in Morocco,20190113
6oTQu9c2hbw,Archaeological+Site+of+Volubilis,30,"Flying over Volubilis, a Berber and Roman city in Morocco with Drone from above (Aerial)",20190518
SKU0ZRadei0,Archaeological+Site+of+Volubilis,25,"Flying over Volubilis, a Berber and Roman city in Morocco with Drone from above (Aerial)",20190518
HxbOqM3StZE,Archaeological+Site+of+Volubilis,14,"Flying over Volubilis, a Berber and Roman city in Morocco with Drone from above (Aerial)",20190518
smRUUqpfIx8,Archaeological+Site+of+Volubilis,2860,Universumin terveiset: VALOA KOHTI,20211018
gNFE1-b7M_g,Archaeological+Site+of+Volubilis,303,Norway + Sight Seeing in Trondheim Byen  -  4K - Cinematic?,20211017
MNa1wAYcKVw,Archaeological+Site+of+Volubilis,197,ÿ£ÿ¨ŸäŸà ŸÜŸÉÿ™ÿßÿ¥ŸÅŸà ŸàŸÑŸäŸÑŸä ÿßŸÑÿ´ÿ±ÿßÿ´ ÿßŸÑÿπÿ±ŸäŸÇ Volubilis,20190923
C0oh-o1pY7A,Archaeological+Site+of+Volubilis,658,10 Best Places to Visit in Morocco - Travel Video,20190103
33p-G9vOIDo,Archaeological+Site+of+Volubilis,197,"Le Maroc vu du ciel (Casablanca) / ÿßŸÑŸÖÿ∫ÿ±ÿ® ŸÖŸÜ ÿßŸÑŸÅŸàŸÇ ""ÿßŸÑÿØÿßÿ±ÿßŸÑÿ®Ÿäÿ∂ÿßÿ°"" - ÿßŸÑÿ≠ŸÑŸÇÿ© ÿßŸÑÿßŸàŸÑŸâ",20161012
F-ZjmdIdL2g,Archaeological+Site+of+Volubilis,353,ŸÖÿØŸäŸÜÿ© ŸàŸÑŸäŸÑŸä ÿßŸÑÿ™ÿßÿ±ŸäÿÆŸäÿ© Ÿàÿ£ÿ®ÿ±ÿ≤ ŸÖÿ≠ÿ∑ÿßÿ™Ÿáÿß Voulibilis ‚ôì,20210112
hVvEISFw9w0,Archaeological+Site+of+Volubilis,296,Morocco 8K HDR 60FPS (FUHD),20180717
GOBY8yNbs_M,Archaeological+Site+of+Volubilis,241,ŸàŸÑŸäŸÑŸä ÿßŸÑÿßÿ´ÿ±Ÿäÿ© ÿ¨ŸàŸáÿ±ÿ© ÿßŸÑŸÖÿ∫ÿ±ÿ® ŸàŸÖÿ±ÿ¢ÿ© ÿ¥ŸÖÿßŸÑ ÿ•ŸÅÿ±ŸäŸÇŸäÿß    volubilis,20180712
OycYHUdAWfQ,Archaeological+Site+of+Volubilis,143,Morocco in Motion | Travel Video,20190512
No6PKrQAHDQ,Archaeological+Site+of+Volubilis,104,Archaeological Site of Volubilis,20190701
3bAyGn9kMng,Archaeological+Site+of+Volubilis,407,üçÄVolubilis the Roman ruins in Morocco üçÄ,20210304
u58Zer3Ds5E,Archaeological+Site+of+Volubilis,864,"Volubilis the Roman ruins in the heart of Morocco, a UNESCO World Heritage Site. Part 1",20210621
rwRyQ8u26SE,Archaeological+Site+of+Volubilis,22,"Flying over Volubilis, a Berber and Roman city in Morocco with Drone from above (Aerial)",20190518
Gk5uQi_WQGE,Archaeological+Site+of+Volubilis,827,"Volubilis the Roman ruins in the heart of Morocco, a UNESCO World Heritage Site. Part 2",20210621
WkTyItTr5ZY,Archaeological+Site+of+Volubilis,673,Visit to Volubilis - Archeological Site,20180629
CS1ZvcDHDK4,Archaeological+Site+of+Volubilis,238,"VOLUBILIS, MOROCCO, ROMAN CITY UNCOVERED,",20181014
qThqjJH96kY,Archaeological+Sites+of+the+Island+of+Meroe,173,Archaeological Sites of the Island of Meroe (Sudan)-Site management during COVID-19 pandemic,20201026
-76vKCX7284,Archaeological+Sites+of+the+Island+of+Meroe,198,Island of Meroe,20170927
VrgaTvf3F30,Archaeological+Sites+of+the+Island+of+Meroe,30,Archaeological drone survey of Ulpia Oescus (Bulgaria),20190111
kRpsPi8P01g,Archaeological+Sites+of+the+Island+of+Meroe,99,Drones protect Peru's archaeological heritage,20150813
O7tAuPi_azU,Archaeological+Sites+of+the+Island+of+Meroe,135,Amazing Drone Footage of Nubian Pyramids | Expedition Raw,20150521
i-Ne4EIkD_g,Archaeological+Sites+of+the+Island+of+Meroe,170,Drone flyover of Meroe Pyramids of Sudan,20160220
G-g1wrg1yco,Archaeological+Sites+of+the+Island+of+Meroe,322,Archaeologists in Peru add drones to their list of tools,20150107
fdd5_XAj9Bo,Archaeological+Sites+of+the+Island+of+Meroe,259,SUDAN - Island of Meroe,20200405
xVtMJKzG2uM,Archaeological+Sites+of+the+Island+of+Meroe,70,Ground Penetrating Radar (GPR)+drone integrated system - Archaeological investigation of Inca ruins,20181219
P4N0k2neNiY,Archaeological+Sites+of+the+Island+of+Meroe,259,"North Africa by Drone | Ethiopia, Sudan, and Egypt | Africa by Drone  | DJI Mavic Pro 2 (4k)",20210531
tK2uHq9wc0s,Archaeological+Sites+of+the+Island+of+Meroe,875,Experts Have Discovered A Secret Ancient World Hidden Beneath Australia,20190911
khjdheYDhiw,Archaeological+Sites+of+the+Island+of+Meroe,841,12 Most Mysterious Things Science Still Can't Explain,20191203
ABSa2fSZvG0,Archaeological+Sites+of+the+Island+of+Meroe,256,Archaeologists Found Massive  Ancient Tunnel And It Wasn't Built By Humans,20190919
8laVU4HSi24,Archaeological+Sites+of+the+Island+of+Meroe,215,GIZA OR NUBIAN PYRAMID?,20160512
dStITCgn73w,Archaeological+Sites+of+the+Island+of+Meroe,316,Crossing an Ocean: The Hong Kong-Zhuhai-Macau Bridge,20181205
kjoNV2UBgxQ,Archaeological+Sites+of+the+Island+of+Meroe,226,"Landing in Khartoum, Sudan",20170106
HjH6ugqAFok,Archaeological+Sites+of+the+Island+of+Meroe,143,"Dar es Salaam Aerial View , Tanzania 2021  | 4K EPIC  DRONESHOTS",20210611
7z3GXQphBrs,Archaeological+Sites+of+the+Island+of+Meroe,159,UAV l√©gi fot√≥z√°s ‚îÇ UAV aerial archaeology,20121008
-hD-OTiVTmc,Archaeological+Sites+of+the+Island+of+Meroe,91,An archaeologist is using drones to track looting of ancient Jordan tombs | Mashable,20150403
VQXehcNuJYI,Archaeological+Sites+of+the+Island+of+Meroe,23,3D reconstruction by Drone for Non Invasive Archaeology,20201205
G3Oa6SJTpj4,Archaeological+Sites+of+the+Island+of+Meroe,1304,Nubian Pyramids at Meroe Unesco World Heritage,20200424
FTFspCzhDPA,Archaeological+Sites+of+the+Island+of+Meroe,98,O Drone em Arqueologia // The drone in Archaeology,20170619
gxD32LRC1QE,Archaeological+Sites+of+the+Island+of+Meroe,175,Space Archaeology: A New Frontier of Exploration | National Geographic,20170130
kf16AblFWUY,Archaeological+Sites+of+the+Island+of+Meroe,300,This Is Archaeology - Excavating in Cyprus - The Drone,20160531
gD83Hk0Ip2U,Asante+Traditional+Buildings,178,Asante Traditional Buildings (UNESCO/NHK),20130920
FAxWzfx_85U,Asante+Traditional+Buildings,64,Asante Traditional Buildings - Site management during COVID-19 pandemic,20200428
LSBRMfyT1zA,Asante+Traditional+Buildings,730,4K Asante Mampong(Township) Municipal Drone/Aerial View in the Ashanti Region of Ghana.,20200808
Jqh19stvZZg,Asante+Traditional+Buildings,645,Ashanti House,20140220
RjQtdwQ1LVM,Asante+Traditional+Buildings,601,"How does Santasi, Atasemanso and Adiemma look like? - drone footage Kumasi - Ghana 2021 - part 22",20211003
YRH2jGVINUs,Asante+Traditional+Buildings,467,Building In Ghana Myself-68,20211017
_SaWjJ8G1vs,Asante+Traditional+Buildings,192,Drone Footage Of The Very Unique Wulugu Mud House In Ghana - West Africa Architecture!,20190521
dUZ4jA4wd1c,Asante+Traditional+Buildings,91,Architects fly drone to assess historic building,20140610
2TveK88jwbc,Asante+Traditional+Buildings,470,Recommended: One of the Biggest Palace in Africa-Manhyia Palace #Kumasi#Tech #Ejisu #AshantiRegion,20210606
qMZIv1y7DlU,Asante+Traditional+Buildings,212,"Nhyieso, the most expensive place to live in Kumasi| 4K Drone",20210121
RRguu2UBq5o,Asante+Traditional+Buildings,128,Lusaka City 2019 By Drone,20190503
fdC6pmtp71s,Asante+Traditional+Buildings,237,"Lusaka City, Zambia By Drone. Cairo Road & National Heroes Stadium",20190816
EBQbUmDeJ-w,Asante+Traditional+Buildings,586,Manhyia Palace Museum Courtyard Tour - Ghana Nov 2018 Tour,20190215
AsR_1Fm2NNs,Asante+Traditional+Buildings,625,60-80's Hollywood Actresses and Their Shocking Look In 2021,20210609
rIZjVjEPZi8,Asante+Traditional+Buildings,1283,15 Strangest Things Recently Discovered In Thailand,20210717
Kzw3_Hb9xAE,Asante+Traditional+Buildings,916,If It Were Not Filmed No One Would Believe It,20210801
dsmnUPYy6LE,Asante+Traditional+Buildings,591,Kumasi - drone footage - Ghana 2021 - part 21,20210925
PCK1vVlXd3A,Asante+Traditional+Buildings,2553,Scariest CCTV Footage Ever Captured,20210121
JzmRSXPIQvk,Asante+Traditional+Buildings,685,"He Took A Photo Of His Pregnant Wife,  But When He Saw The Photo",20210624
jojpMNAqOMQ,Asante+Traditional+Buildings,1164,Man Finds Hidden Doorway On His Property ;  Goes In And Realizes He‚Äôs Made A Huge Mistake..,20200726
ZM4Qn4wsBWo,Asante+Traditional+Buildings,585,"Storage Wars Brandi Scores A $1,200,000 JACKPOT!",20200219
iUkQiLJe3dA,Asante+Traditional+Buildings,340,"Mom Installs Camera, Sees Why She‚Äôs Always Tired",20210726
7_iOLKpqhPs,Asante+Traditional+Buildings,207,BABA YARA SPORTS STADIUM - Kumasi Ghana By Drone [4K] in Its Renovation Stage,20211015
EbkNJ5akErw,Asante+Traditional+Buildings,84,A dangerous discipline,20170109
a6maShGCWEM,Asante+Traditional+Buildings,129,Traditional fishermen in Mauritania,20161114
ogOgK-lPKJc,Asante+Traditional+Buildings,184,"The Garden City of Ghana, Kumasi Drone in 4K [Part 1]",20200814
Cc5bBAOs3yo,Asante+Traditional+Buildings,148,Selling at 45k$ for 2-Bedroom at Pokuase Heights - FPV Drone Tour in 4K,20210602
jMMXW9wZiZU,Asante+Traditional+Buildings,409,"The Most Beautiful Village in the World | Hallstatt, Austria",20190516
R_mHrfLt568,Asante+Traditional+Buildings,310,4K DRONE VIEW OF THE REAL KUMASI GARDEN CITY || BEAUTIFUL AND WELL PLANNED AREAS TO LIVE IN KUMASI,20210304
kYrUlD_p3MA,Asante+Traditional+Buildings,2102,Building A House In Ghana: Episode 1 | My experience | Lessons Learned | Land  Guards | Progress,20190214
7qzhCWtZXrs,Asante+Traditional+Buildings,1061,BUILDING IN GHANA: Part 5 | Purchasing & Installing Bathroom fixtures and Furniture - In Ghana,20200215
OotXPrrKoe4,Asante+Traditional+Buildings,426,GHANA To Build A NEW CITY || Building In GHANA || PETRONIA CITY In Takoradi GHANA || Kamma Dyn,20211018
rSXJ1llNfu0,Asmara,809,"Discover Asmara, Capital and Most Beautiful City in Eritrea",20210504
BYxQ0Nd4GF0,Asmara,602,ASMARA KIDS THROW ROCKS AT DRONE üòÇ // ERITREA VLOG,20190913
laTvSVTEjic,Asmara,152,Eritrea 4k Drone - Villages outside Asmara,20200525
UUcSt6nD-rM,Asmara,292,4K Eritrea,20210306
HHetLDz6SC0,Asmara,68,Eritrea - [Asmara & Massawa] City Drone Footage,20210414
C5VfBK7Wq5M,Asmara,496,Discover Asmara,20200412
YCz1w2yesOI,Asmara,591,Driving around Asmara part 2 summer 2021 #vlog #AsmaraVlog #summer2021 #Asmara #Eritrea #Mezmur,20210904
p9HVA10L4xE,Asmara,2171,"Eritrea in 4K UHD 2019 PART 14 ASMARA, Gezabanda  ·ä£·àµ·àò·à´ ·åà·ãõ·â£·äï·ã≥ / ·åà·ãõ·àõ·äï·ã≥ ·å•·àç·ã´·äï 2019",20190311
ecCcwZ7soSQ,Asmara,543,Asmara The Capital City of Eritrea,20200803
tiOgJ4OebQY,Asmara,4998,"Eritrea in 4K UHD 2019 PART 12 ASMARA, Maakel Ketema ·ä£·àµ·àò·à´ ·àõ·ä•·ä®·àç ·ä®·â∞·àõ",20190305
PO-C4E4aaPA,Asmara,1256,Asmara 2020,20200509
GiTf217Wnrc,Asmara,210,Asmara | Shoot Cinematic Drone,20191116
jEo-ykjmHgg,Asmara,769,This Sahara Railway Is One of the Most Extreme in the World | Short Film Showcase,20180711
qlVomqN699k,Asmara,793,The Truth Behind The ‚ÄúIdeal‚Äù Human Body In Future,20210128
FESZBn2QtMQ,Asmara,394,"ERi-TV: ·åà·à≠·åç·à±·àù - Gergsum, Massawa",20200303
KOfn1hR86pc,Asmara,402,South Sudan: 10 Interesting Facts You Didn't Know üá∏üá∏ üá∏üá∏ üá∏üá∏,20210628
NlzMfUMKOW8,Asmara,3769,Buddha Bar - The Best - Vol.1..2020,20200611
YcKwxMiVTp0,Asmara,516,Uganda: 10 Interesting Facts You Didn't Know üá∫üá¨ üá∫üá¨ üá∫üá¨,20210706
95lT76MjdGU,Asmara,488,Berita Terkini ~ Ditinggal Pendukung Sendiri ~ Tiba-Tiba Amien Rais Jadi Begini,20211011
IPz8LXvSq5s,Asmara,387,Seychelles: Africa's Smallest And Least Corrupt Country üá∏üá® üá∏üá®,20210702
8eNMsqVR_fY,Asmara,1238,"If You See This In The Ocean, Get Out Of the Water Right Away",20210615
sVlzxHXR8lM,Asmara,420,asmeray r-mix by john,20141028
LBZiqJDESr8,Asmara,149,Beautiful Eritrea 4K Drone Footage | Scenic Landscape outside of Asmara,20180805
C2eqGwDsr58,Asmara,210,Asmara | Shoot Cinematic Drone Mavic,20191116
9Yzoes7d6lQ,Asmara,400,"ASMARA, KEREN, AND MASSAWA",20191108
1vzeBlIkSko,Asmara,2002,"Eritrea in 4k ,Asmara , Eritrea September 2018",20180906
RWTfi04bU9g,Asmara,576,ASMARA - Eritrea: The African City Of Women,20210927
rlruTqYc0pk,Asmara,204,Eritrea- Massawa Drone footage near Dahlak Hotel,20191123
PzNEVWeupNc,Asmara,338,"Driving Around Asmara, Eritrea ‚Äì P5",20190902
UnHA7RSaY7w,Asmara,531,"Discover Asmara City Eritrea's üá™üá∑Capital 2021. Asmara tourist attractions, history and culture",20210309
XtJu0m3V130,Barberton+Makhonjwa+Mountains,109,Barberton Makhonjwa Geotrail - unveiling,20140521
VWKOOMZ1Mi0,Barberton+Makhonjwa+Mountains,358,Barberton Makhonjwa Geotrail - Introduction,20140504
Qu7r9n-Cg1w,Barberton+Makhonjwa+Mountains,197,"DJI Mini 2 Drone, Chambers Cove Trail, NL",20211016
Wp7iq6kc4Pc,Barberton+Makhonjwa+Mountains,152,Mountains | Drone Aerial Footage,20190715
JEipvlzSh34,Barberton+Makhonjwa+Mountains,76,Drone Footage of Beautiful Beach,20211016
fXCR1aX3LmE,Barberton+Makhonjwa+Mountains,623,Explained: The Oldest Mountains on Earth,20200527
lOYCafJuWp0,Barberton+Makhonjwa+Mountains,194,Sunday Droning @ Mountains Recreation & Conservation Area,20211017
9mYiBPjKNzY,Barberton+Makhonjwa+Mountains,98,MORGENBERGHORN HIKE DRONE VIDEO: BEST VIEW OF LAKE THUN,20190911
f4nuQTl0COM,Barberton+Makhonjwa+Mountains,30,Drone Footage Of A mountain,20211015
WRfmzCeMkFk,Barberton+Makhonjwa+Mountains,215,Makhonjwa Mountains,20180702
BgSa1jKOT9A,Barberton+Makhonjwa+Mountains,516,Stone Mountain - drone flight to the top,20160522
RoqKzZQoa2c,Barberton+Makhonjwa+Mountains,64,Makhonjwa Mountains Top  #6 Facts,20160201
1qmdRlGH6uc,Barberton+Makhonjwa+Mountains,168,Beautiful mountains. Drone video.,20211004
UVqjHRUG-Ug,Barberton+Makhonjwa+Mountains,225,Stone Mountain Drone Video,20170702
VW86TAkODdo,Barberton+Makhonjwa+Mountains,12,Green Jungle & Mountains Drone Shots #shorts,20210921
hs8AbQdrDjI,Barberton+Makhonjwa+Mountains,373,Autumn Forest Trail Hiking,20211017
Mesdr3xNETE,Barberton+Makhonjwa+Mountains,114,mountain drone video short very good,20211009
c-tkg5aMTDo,Barberton+Makhonjwa+Mountains,305,Drone Video Footage of Green Mountain Range | Drone Footage Of Valley | Aerial Shot Of Mountain,20210918
tDaEm2ZLUw0,Barberton+Makhonjwa+Mountains,23049,Above the Caucasus Mountains - [4K Ultra HD] Scenic Drone Footage with Relaxing Music - 6 HOUR,20210813
u4MzRpyMBW8,Barberton+Makhonjwa+Mountains,60,"Drone Shots from the Cederberg, South Africa",20211002
QS2Tihj-_1Q,Banc+d'Arguin+National+Park,330,"Banc d'Arguin National Park, Mauritania (in English)",20190725
LKbFw5-8YOA,Banc+d'Arguin+National+Park,163,Banc d'Arguin National Park (UNESCO/NHK),20130326
0HtYOp2Drg8,Banc+d'Arguin+National+Park,261,NPBA (National Park of Banc d'Arguin) in Mauritania,20210316
g76fYGDb-RA,Banc+d'Arguin+National+Park,123,Banc d'Arguin National Park Marine World Heritage Site,20120525
x9Q0vHR3Cqw,Banc+d'Arguin+National+Park,132,Banc d'Arguin National Park : A unique and precious space,20190506
e80R_ej5U7E,Banc+d'Arguin+National+Park,885,"6000 euros fine for flying a drone in national park El Teide, Tenerife, Spain!!!",20161014
1a0EUnrSCoQ,Banc+d'Arguin+National+Park,1009,Banc d'Arguin National Park,20080823
2wtRZbf90lI,Banc+d'Arguin+National+Park,180,Drone: Dune du Pyla + Banc d'Arguin,20170326
wJIzSfNYpFQ,Banc+d'Arguin+National+Park,172,Mission PNBA | Parc national du banc d'Arguin HD,20181115
PjK-f-_cSkA,Banc+d'Arguin+National+Park,472,"""Le Banc"" vu du Ciel !",20150918
owOPMQAT_-Y,Banc+d'Arguin+National+Park,233,Banc d'Arguin en paddle 2021,20210330
zj1h6tvOHUY,Banc+d'Arguin+National+Park,99,Banc d'Arguin timelapse,20161213
GfxdeRx2fLA,Banc+d'Arguin+National+Park,655,DJI F550 Hexacopter crash after flight above the clouds,20140301
JwQDKXBTerE,Banc+d'Arguin+National+Park,215,A Unique Drone Fly Through of our Atlas Restaurants,20210601
HSsqzzuGTPo,Banc+d'Arguin+National+Park,13222,"4K Drone Footage - Bird's Eye View of Croatia, Europe - 3 Hour Ambient Drone Film",20180817
D_7S664V4gs,Banc+d'Arguin+National+Park,1077,"Vlog in Mauritania - How to catch a taxi, getting a visa, is the country dangerous?...",20190524
3jnVfxnyym4,Banc+d'Arguin+National+Park,178,COURSE DE DRONES FPV RACING AIRGONAY  - SOURCE DU PARIS DRONES FESTIVAL et DUBAI GRAND PRIX,20150418
865DpPrpSS4,Banc+d'Arguin+National+Park,219,"MAURITANIA FISHIN EXTREM FISHING!!!!FULL HD!!!!2018 ,CAP TAFARIT BANC D'ARGUIN FULL HD",20181026
0F4rktb1GNw,Banc+d'Arguin+National+Park,431,Fly Your Drone With AirMap : New Flight Feature,20180410
MiLnFHWDRL0,Banc+d'Arguin+National+Park,158,„Äê4K„ÄëDrone Footage | Visiting West Africa - MAURITANIA 2019 ..:: Cinematic Aerial Film,20190503
1Q3kkNGq0l0,Banc+d'Arguin+National+Park,177,4x4 atascado en salar de Banc d¬¥Arguin en Mauritania. Consejos de viaje por el desierto del Sahara,20140921
qBuIJxFFri0,Banc+d'Arguin+National+Park,239,Nouadhibou - ÿßŸÜŸàÿßÿ∞Ÿäÿ®Ÿà,20141025
0bVmgIz1WZs,Banc+d'Arguin+National+Park,587,Amazing Drone Footage From All Around The World,20211018
dhLUnI2Imm8,Banc+d'Arguin+National+Park,147,banc-d-arguin-dune-du-pyla.mp4,20110807
4Ogeq0zRjR8,Banc+d'Arguin+National+Park,193,Flying Drones In National Parks | Hidden Document!,20180320
n6i2Jq0Tvcg,Banc+d'Arguin+National+Park,464,Banc d'arguin,20130825
KhoyKsUQnzA,Banc+d'Arguin+National+Park,687,Banc d'arguin 2019 CAP TAGARIT,20190603
i1MESdERu3Q,Banc+d'Arguin+National+Park,81,National Parks From Above - West USA | Drone 4K | DJI Mavic Pro,20180509
zwXn2QGsCb8,Banc+d'Arguin+National+Park,129,Banc d'Arguin,20160818
_QcwgQlqoR4,Banc+d'Arguin+National+Park,239,banc d'arguin 2015,20150516
gR0CkTC6U1o,"Bassari+Country:+Bassari,+Fula+and+Bedik+Cultural+Landscapes",211,"Pays Bassari : Paysages culturels Bassari, Peul et B√©dik, patrimoine mondial depuis 2012",20180829
MkxWcEmea9s,"Bassari+Country:+Bassari,+Fula+and+Bedik+Cultural+Landscapes",965,#CultureBeyondCovid episode 19: Dr. Elke Kaschl Mohni's visions for the cultural landscapes,20210211
uwux9nYoxXg,"Bassari+Country:+Bassari,+Fula+and+Bedik+Cultural+Landscapes",1045,"Thinking of visiting or moving to Senegal? Why you need to watch this First, Pros & Cons",20211002
vZb4-yOK5zo,"Bassari+Country:+Bassari,+Fula+and+Bedik+Cultural+Landscapes",123,La culture ma passion Bienvenue chez le Peuple Bedik de Kedougou,20200919
xeZ1sy_LoKg,"Bassari+Country:+Bassari,+Fula+and+Bedik+Cultural+Landscapes",173,Danse Bassari,20080906
nScG4smYPEU,"Bassari+Country:+Bassari,+Fula+and+Bedik+Cultural+Landscapes",232,The Village of Kourounia,20181124
11xTHDBhRKU,"Bassari+Country:+Bassari,+Fula+and+Bedik+Cultural+Landscapes",336,Bassari dance (yang√´t),20170723
PnWGA4B1VAA,"Bassari+Country:+Bassari,+Fula+and+Bedik+Cultural+Landscapes",564,"Africa: Historic, Cultural and Natural Heritage Sites",20160710
RglQDN3cGdk,"Bassari+Country:+Bassari,+Fula+and+Bedik+Cultural+Landscapes",136,KEDOUGOU: danse des masques bassari,20210127
fPzl5Avt5iY,"Bassari+Country:+Bassari,+Fula+and+Bedik+Cultural+Landscapes",97,"Uramanat, the Highland of Beauties",20211018
esFROyaXhlk,"Bassari+Country:+Bassari,+Fula+and+Bedik+Cultural+Landscapes",491,The beauty of Africa |Swakopmund |Namibia üá≥üá¶ üòç,20211015
OdnNdGkts7c,"Bassari+Country:+Bassari,+Fula+and+Bedik+Cultural+Landscapes",728,#CultureBeyondCovid episode 13: Jens Klingelh√∂fer's visions for the cultural landscapes,20210121
Bk2Qbf1YQbI,"Bassari+Country:+Bassari,+Fula+and+Bedik+Cultural+Landscapes",1367,Cucuteni-Trypillia Culture | Ancient European Civilization,20210503
fY-mivvUOfo,"Bassari+Country:+Bassari,+Fula+and+Bedik+Cultural+Landscapes",214,VOYAGE AU S√âN√âGAL : QUE VOIR ET QUE FAIRE,20180509
A-k8t3eFyA0,"Bassari+Country:+Bassari,+Fula+and+Bedik+Cultural+Landscapes",539,"La danse du Kumpo √† Enampor,Casamance ,S√©n√©gal",20150607
lugard7P0nw,"Bassari+Country:+Bassari,+Fula+and+Bedik+Cultural+Landscapes",384,The Beauty of Africa | landscapes and wildlife,20150505
HQAIXxD62bw,"Bassari+Country:+Bassari,+Fula+and+Bedik+Cultural+Landscapes",127,"Kawtef. .Wadji Dafma Katt Ba sama data bi yatou.,..,.,.,.^",20210619
ZfG-5ZhI3wk,"Bassari+Country:+Bassari,+Fula+and+Bedik+Cultural+Landscapes",579,"Africa, you won't see on TV",20150103
Fuc8thqoe1o,"Bassari+Country:+Bassari,+Fula+and+Bedik+Cultural+Landscapes",62,Come explore...Africa with Lonely Planet Kids,20150921
LGD_7-0RT0E,"Bassari+Country:+Bassari,+Fula+and+Bedik+Cultural+Landscapes",88,Where the Namib Desert meets the Sea,20170510
TxbE79-1OSI,"Bassari+Country:+Bassari,+Fula+and+Bedik+Cultural+Landscapes",193,4K African Wildlife | African Nature Showreel 2017 by Robert Hofmeyr,20170222
QtmDlPe4eyY,"Bassari+Country:+Bassari,+Fula+and+Bedik+Cultural+Landscapes",700,How to Start a YouTube Gaming Channel in 2021,20210111
WlOXtbRJa9Y,"Bassari+Country:+Bassari,+Fula+and+Bedik+Cultural+Landscapes",174,Know Your Country - Marula Cultural Festival,20180605
_kx3Ym1h88g,"Bassari+Country:+Bassari,+Fula+and+Bedik+Cultural+Landscapes",222,The Kihnu Cultural Space,20090928
SjS5azKeV-g,"Bassari+Country:+Bassari,+Fula+and+Bedik+Cultural+Landscapes",205,networx - Inspiring Rural Europe - video EN,20190625
h1Rp4MoBL-Q,"Bassari+Country:+Bassari,+Fula+and+Bedik+Cultural+Landscapes",343,Mountain Aerial Beauty of European continent in 4k cinematic flim,20211017
HllhMlzGsJY,"Bassari+Country:+Bassari,+Fula+and+Bedik+Cultural+Landscapes",172,BEST MED Cultural Routes of the Council of Europe in Slovenia - long version,20210914
