id,place,duration,title,date,height,filesize
SAm6Awzqyr8,Aachen cathedral,417,Aachen Highlights by drone 2021,20210505,2160,678002004
vJ1HftOGa7o,Aachen cathedral,215,Lake Aachen (Achensee) - 4k drone based teaser,20180929,2160,686665728
7s5TYFPP6Uw,Abu mena,733,How to fly drones for beginners,20210624,2160,863190914
weK4NgWcUN8,Dilmun burial mounds,805,I went to Iceland to fly my drone over an active volcano (Fagradalsfjall),20211008,2160,1052880396
-lzFLM8hte0,Acropolis athens,136,Acropolis by drone / Athens Aerial - á¼€ÎºÏÏŒÏ€Î¿Î»Î¹Ï‚,20210622,2160,252359734
rUes9SGHEz8,Persepolis,249,"Athens, Greece ğŸ‡¬ğŸ‡· - by drone [4K]",20210702,2160,417369379
yEfWV-d3bH4,Acropolis athens,68,Acropolis at night / Athens aerial drone,20210823,2160,104573400
-3bAj459ahY,Acropolis athens,86,"Parthenon drone, acropolis/ Athens Aerial, Greece - á¼€ÎºÏÏŒÏ€Î¿Î»Î¹Ï‚",20210622,2160,151823545
KRftIKamN1E,Acropolis athens,143,Acropolis by night / Athens drone,20210823,2160,220018478
19RQagzBY3M,Mountain railways of india,139,Stunning aerial drone footage of INDIA - 4K,20151124,2160,274662554
Pbs0yR5nfYo,Agra fort,143,"Niagara Falls, Canada ğŸ‡¨ğŸ‡¦ / USA ğŸ‡ºğŸ‡¸ - by drone [4K]",20190823,2160,275270157
JOubOrfCsV8,Ellora caves,308,Melville Caves 4k drone footage,20180221,2160,676429976
2UzqxU6G52Y,Yungang grottoes,60,Ellora shooting from drone 4K,20181225,2160,127940283
LoK6RWiz8Lk,Rock hewn churches lalibela,35,"4K Flying over view drone of the rock-cut church of Saint George, Amhara Region, Lalibela, Ethiopia",20190401,2160,89303824
TRH-go_ayiE,Al hasa,597,ğŸ’¥ RECENSIONE: ğŸ›¸ Dongmingtuo X8 drone con videocamera regolabile a distanza,20180715,2160,1247315908
DXozj6Ro2pQ,The persian garden,653,Switzerland ğŸ‡¨ğŸ‡­ - by drone [4K],20210507,2160,1308042822
yi5dYq5p6Ek,Alto douro wine region,62,Pinhao douro river single shot video of the wineyards - Portugal by drone 4K,20200923,2160,127521618
xGgDskfTCvY,Costiera amalfitana,296,"Amalfi Coast, Italy ğŸ‡®ğŸ‡¹ - by drone [4K]",20210709,2160,630436688
gcJOHMmrQ7Y,Costiera amalfitana,673,Italy Amalfi Coast 8k drone video High Resolution hdr  7680 x 4320,20210331,4320,3142354317
e7352dnytK8,Amalfi coast,181,"Sant'Agnello Sorrento Amalfi Coast 4K, Drone footage, Italy by drone",20180924,2160,379463816
P-MpBcUY2bc,Amiens cathedral,44,CathÃ©drale Notre-Dame de Reims avec drone,20150921,2160,82779063
AFzxbrOiJ5A,Amiens cathedral,65,Flying a drone in a cathedral!,20200825,2160,104260657
r02F61EURPk,Medina of tunis,117,Vlog Tunisie - Tunisia drone - Bekalta Summer 2017 part.1 by Nabs Drone,20180209,2160,195815378
obg9vBhosq0,Medina of tunis,91,"Vlog Tunisie - Tunisia drone Mahdia ""Borj el ras"" Tunisia 2018 Skyview by Nabs Drone",20181125,2160,148672450
X-l92JUKb7U,Ancient city of damascus,212,western Jerusalem by drone,20210711,2160,445467261
mXd12I5sMOA,Ancient city of nessebar,585,Nessebar Bulgaria 2020 ğŸ‡§ğŸ‡¬ | Old Town & Beach (by drone 4K),20200901,2160,1247086559
l9-BR7Gxca8,Ancient city of nessebar,311,Old town nessebar 4k drone video,20170426,2160,1034331628
_MWWVfUEuZ4,Ancient city of nessebar,678,Old Nesebar - Flying with a drone over the ancient city on its own island,20210827,2160,1615416278
554ycC3925M,Ancient city of nessebar,94,Nesebyr - Bulgary from Drone 2017 [4K] - ĞĞµÑĞµĞ±ÑŠÑ€ - Ğ±ÑŠĞ»Ğ³Ğ°Ñ€Ğ¸Ñ (drone footage by dexfly.pl),20170705,2160,230886135
q3t9KSjHKpM,Old town of lijiang,294,"FENGHUANG Ancient Town (China, Hunan). Stunning day and night views by drone (4K).",20201005,2160,545076492
gI4huDJJB8k,Ancient city of polonnaruwa,81,Sri Lanka - by drone 2017 - 4K,20170313,2160,194479051
P7uGFMDZlhg,Sacred city of anuradhapura,206,Sri Lanka by drone - Featured Creator Yura Fedorov,20160525,2160,445776747
YGYCvW6gVOg,Byblos,287,Douma town by drone | Ø¨Ù„Ø¯Ø© Ø¯ÙˆÙ…Ø§,20190201,2160,614167209
8dLNFo1JPZM,Angkor,474,"Angkor wat,  seen from above (drone) 4K",20190521,2160,1796210669
PV4mzJv7d0U,Anjar,48,"Hammana, Lebanon: by drone",20190710,2160,89733472
LbJD3mFH4ig,Anjar,157,"AMMIQ Wetlands, Bekaa Lebanon by drone  [4K]  |  Ø¹Ù…Ù‘ÙŠÙ‚ - Ø§Ù„Ø¨Ù‚Ø§Ø¹ Ø§Ù„ØºØ±Ø¨ÙŠØŒ Ù„Ø¨Ù†Ù„Ù†",20181113,2160,324566837
6MXPdU5dNOQ,Anjar,145,Rise Up Lebanon  - Ù„Ø¨Ù†Ø§Ù† Ø§Ù„Ø³ÙŠØ§Ø­Ø© ÙˆØ§Ù„Ø¬Ù…Ø§Ù„ | cinematic video| drone footage Mavic pro 2,20200219,2160,223230046
GLHY3FsqTSk,Anjar,122,Lebanon drone clip,20190409,2160,298251616
FNu12sOzIyo,Antigua guatemala,195,Antigua Guatemala with drone,20160515,2160,432875987
8ZmsgeIleG8,Antigua guatemala,76,Antigua Guatemala via drone,20160310,2160,168466247
o-4znn1zhcw,Antigua guatemala,84,Antigua Guatemala - Parque Central 360 degree view via drone,20160304,2160,183040835
tTyR6HSH1bA,Antigua guatemala,45,"Antigua, Guatemala & Lake Atitlan, Guatemala 2020 drone teaser",20200208,2160,78463391
I9oqL4r7noA,Antigua guatemala,90,La Reunion Golf Resort and Residences - Antigua Guatemala via drone,20160310,2160,206963158
65XmDsbfOCE,Antigua guatemala,91,"La Merced Church, Antigua, Guatemala via drone",20160305,2160,216931346
1Vx9Q4z5YsE,Chan chan archaeological zone,454,SPINALONGA by drone [4K] Crete Greece,20200225,2160,1103059945
Q9Hjt-3kCZs,Villa romana del casale,298,Sicily 4k by drone | Sicily Italy tour (aerial View) | Taormina Sicily 4k | #Sicily #Italy #island,20210525,2160,561164817
rT0xw80OIvw,Quseir amra,176,"Val d'HÃ©rens on four seasons, Valais Switzerland - 4k drone footage",20160801,2160,390411521
idGrY-YFejw,Historic centre of zacatecas,148,Luxembourg Spring & Summer 4K  - Filmed with DJI Phantom 3 Professional drone (2016),20160608,2160,312027826
zzIah0Lt3JY,Archaeological areas of pompei herculaneum and torre annunziata,208,"Pompeii and Vesuvio 4K, fly over Pompei, Pompeje, Pompeji | Aerial drone footage",20180913,2160,438703507
-C4-GrMo37Q,Archaeological areas of pompei herculaneum and torre annunziata,464,"Mount Vesuvius - the sleeping giant, filmed with a drone",20190624,2160,837212501
zjIHJL60PvU,Venice and its lagoon,630,Naples from the drone ğŸ‡®ğŸ‡¹ Italy | cinematic | 4K,20210813,2160,1352869693
qGpvvOphwj4,Archaeological site of ani,151,Kourion from drone,20201122,2160,307011616
EdAx2ej0lDE,Medina of tunis,288,Tunis drone view - Tunisia drone 4k - Flying over Tunisia in drone,20210716,2160,657202061
zTJxizuvIOQ,Sanctuary of asklepios at epidaurus,126,"Delphi, Greece from drone  in 4k UltraHD | Ğ”Ñ€ĞµĞ²Ğ½ĞµĞ³Ñ€ĞµÑ‡ĞµÑĞºĞ¸Ğµ Ğ”ĞµĞ»ÑŒÑ„Ñ‹ Ñ Ğ²Ğ¾Ğ·Ğ´ÑƒÑ…Ğ°",20181220,2160,285082832
Cqfd7t3jEgc,Archaeological site of leptis magna,173,Termisa village - Nafusa mountains drone - Libya,20200923,2160,248133237
vb4Y3qt6INI,Mount athos,66,Hosios Loukas Monastery from drone in 4k UltraHD  | ĞœĞ¾Ğ½Ğ°ÑÑ‚Ñ‹Ñ€ÑŒ ĞÑĞ¸Ğ¾Ñ Ğ›ÑƒĞºĞ°Ñ Ñ Ğ²Ğ¾Ğ·Ğ´ÑƒÑ…Ğ°,20181220,2160,167753183
vp96ODAEsuM,Archaeological site of mystras,622,Î¤Î¿ ÎµÏ€Î¹ÎºÏŒ ÎºÎ¬ÏƒÏ„ÏÎ¿ Ï„Î·Ï‚ ÎÎ±Ï…Ï€Î¬ÎºÏ„Î¿Ï… Î±Ï€ÏŒ Drone | Nafpaktos Epic castle from a drone's view,20200612,2160,1546810041
7VMF6fYgPno,Archaeological site of olympia,195,Î‘ÎºÏÎ¿ÎºÏŒÏÎ¹Î½Î¸Î¿Ï‚: ÎœÎ¹Î± Î¹ÏƒÏ„Î¿ÏÎ¯Î± Ï€Î¿Ï… Î¾ÎµÎºÎ¹Î½Î¬ Î±Ï€ÏŒ Ï„Î·Î½ Î±ÏÏ‡Î±Î¹ÏŒÏ„Î·Ï„Î± | Acrocorinth Castle by drone,20210524,2160,410433585
ak077CbzuRg,Archaeological site of olympia,209,Cycling the Peloponnese [4k drone footage | Kyllini | Kastro | Chlemoutsi | Glarentza | Kafkalida],20210712,2160,387730160
qUrFMn3w1U4,Archaeological sites of the island of meroe,841,Flying my Sony a7s3 on an FPV drone.,20211014,2160,1206801948
TZIH7gunOfE,Archaeological site of troy,364,"Exploring historic Troy Ghost Town, Nye County, NV by drone",20180907,2160,799901848
zWwAdjpmitI,Historic city of meknes,917,Early morning drone flight around Leesport and Bern Township in 4K,20180826,2160,1995125131
YN_iUjDNddc,Archaeological site of volubilis,300,Morocco drone mavic air - Morocco 4k drone - Flying over Morocco in drone,20210721,2160,731381385
0NNPKe4ewb4,Archaeological sites of the island of meroe,96,"Sea lion came at us on Kayaks, caught on drone video",20201115,2160,179322615
vaT_4r1V5Dg,Revillagigedo archipelago,235,Socorro Island (the Revillagigedo Islands) from drone,20210720,2160,452908006
uBK5C9KUvNs,Archipilago de revillagigedo,538,Punta Sur on Isla Mujeres by drone in 4k,20200327,2160,1037203014
-eLIjMS9FUk,Armenian monastic ensembles of iran,60,Noravank 13th-century Armenian monastery drone footage Jan 2021,20210513,2160,109540088
nkb_zdbHMBw,Varberg radio station,2539,"GiolÃ¬ & Assia - #DiesisLive @Etna Volcano, Sicily [FPV drone / Electric Handpan, Grand Piano]",20191227,2160,5050311931
m2-TWLJKR08,Historic centre of naples,621,Grado ğŸ‡®ğŸ‡¹ Italy | drone - Bella Italia | 4K,20210808,2160,1232937492
i3gYZqDPnmA,As salt   the place of tolerance and urban hospitality,255,"Salt Lake City, Utah | 4K drone footage",20210116,2160,416310359
hSQ1-oulFnk,Asante traditional buildings,1024,Life in prison for flying a drone,20210604,2160,1074011519
knx7RYNM2m4,Atlantic forest south east reserves,169,"Sunset drone flight deep in Amazon Jungle, Bolivia",20170901,2160,259258686
BHGubg4pkGg,Auschwitz birkenau german nazi concentration and extermination camp 19401945,576,"Auschwitz and with drone 4k ( UHD ) WARNING: Actual footage of entire camp | by RGR food ""travel""",20210321,2160,1700733475
VLOx6XOvI4k,Australian convict sites,222,Sydney [ 4k] by drone ||beautiful places of Australia||Sydney ultra HD||iconic Opera House 4k,20210605,2160,362815401
QojXRvYgXxo,Babylon,243,"Melbourne, Australia ğŸ‡¦ğŸ‡º - by drone [4K]",20191220,2160,446752871
oA3e-UWNljM,Babylon,138,ã€Œ4Kã€Bangkok City drone View 2021ï½œAir Music,20210903,2160,266607076
jGZs29qZAVQ,Old city of zamo,480,"Istanbul, Turkey ğŸ‡¹ğŸ‡· - by drone [4K]",20201120,2160,843491750
6UqZNGHDwf0,Babylon,210,VOLCANO ERUPTION Iceland 2021 - I melted my drone for this video!!,20210430,2160,362455187
o3sfTAYQU6A,Babylon,47,Rubar hotel drone,20200308,2160,90247339
NrtUV-36F64,Baekje historic areas,159,Rainbow_Korea drone | Healing meditation | ë¬´ì§€ê°œ_ë…¼ì‚°,20210830,2160,322788896
ql0inv3nM_U,Baekje historic areas,248,"A huge river of Baekje, ë°±ì œì˜ í° ê°• (ë°±ë§ˆê°•) (with YI 4K, FPV drone)  - FPV free-flying #ì¹ ì§€ê³µì›",20190415,2160,387702313
BFzzkaJIvec,Baekje historic areas,184,[íë§ë©] í•˜ëŠ˜ë© l 4K ë“œë¡ (drone)ì˜ìƒ l #1 l ê³µì£¼ ë¶€ì—¬ l íë§ l ë‡Œíœ´ì‹  l ëª…ìƒ,20201207,2160,236510728
-tjN2KizPeE,Bagan,149,bagan by drone 2018!,20180101,2160,176248691
2VrrIH-aeTg,Bagan,183,Bagan temples. Bagan UNESCO World Heritage. La Birmanie vue du ciel. Bagan drone video.,20190504,2160,339420717
VSpVzmBox5E,Bagan,320,"Myanmar, Bagan, Mandalay, Mount Popa - Mavic pro  drone 4K",20170814,2160,742643512
0UDmu3h0rJg,Bagan,150,ã€4Kã€‘Bagan drone footage ã€œãƒã‚¬ãƒ³ã§ãƒ‰ãƒ­ãƒ¼ãƒ³ã€Myanmarã€‘,20200314,2160,291072881
HogcStKBBcs,Bahi holy places in haifa and the western galilee,99,×”×›×™× ×¨×ª. ×˜×‘×¨×™×” | Israel. Sea of Galilee|  Tiberias from drone,20200928,2160,233264769
q4lmRgZr70U,Bahi holy places in haifa and the western galilee,86,HERZLIYA MARINE - ISRAEL | Aerial Drone Video in 4K | Amazing drone shots | DJI Mavic 2 pro,20200319,2160,154147377
EgeqKqwebZI,Sagarmatha national park,186,Nepal ğŸ‡³ğŸ‡µ - by drone [4K],20200501,2160,502500449
7R27P05RYVk,Banc darguin national park,134,Un hamac et un drone,20210128,2160,291625045
YST-VoLAnH4,Baroque churches of the philippines,868,Manila City drone | Manila Philippinese 4k drone,20210914,2160,1618600810
7CppjK1mQGU,Belize barrier reef reserve system,368,Exploring the reefs of Belize in 4k by drone,20161103,2160,823807675
5JP6KdrZHdM,Beni hammad fort,165,Europe From Air #4 - NORTH MACEDONIA | Stunning 4k drone video,20191219,2160,386842893
tABU2-QNBZ8,Blaenavon industrial landscape,562,cwmbran drone,20191007,2160,1466702310
lPG0aPVBBYA,Blenheim palace,125,DJI Mini 2 drone 4K - Oxford and Blenheim Palace - England,20210405,2160,255677920
SQWQ8_ysEHQ,Blue and john crow mountains,375,"Holywell Pool, Kathryn Tickell & The Darkening, drone video",20210409,2160,716177756
9DiRvv2Na08,Bordeaux port of the moon,81,Photographie  AÃ©rienne par drone Bordeaux Gironde,20171209,2160,142755231
PGNEkMDfBqo,Botanical garden orto botanico padua,145,Chicago Alder Planetarium drone view 4K,20171109,2160,269803633
oLDlYLQbb44,Bourges cathedral,246,Ely Cathedral from mavic pro drone,20171113,2160,542343297
1_s0CD4GT18,Bourges cathedral,84,Abbaye de Saint-Roman en drone FPV,20210510,2160,239100190
P18l-Ty8UYs,Boyana church,577,"Boyana - the pearl of Sofia, filmed with a drone",20190327,2160,1278734632
ky6Tc-0ucF4,Rila monastery,385,"Rilski Monastery (Ğ Ğ¸Ğ»ÑĞºĞ¸ Ğ¼Ğ°Ğ½Ğ°ÑÑ‚Ğ¸Ñ€) - one of the three greats, filmed with a drone",20190219,2160,962124132
uYWvj_hzovY,Studenica monastery,207,Lopushanski Monastery (Ğ›Ğ¾Ğ¿ÑƒÑˆĞ°Ğ½ÑĞºĞ¸ Ğ¼Ğ°Ğ½Ğ°ÑÑ‚Ğ¸Ñ€) - filmed with a drone,20190603,2160,522351759
fA7kQn-l6T4,Braslia,206,"Rio de Janeiro, Brazil ğŸ‡§ğŸ‡·  - by drone [4K]",20190830,2160,300452579
MWVhZAtWiz8,Braslia,266,"Rio de Janeiro, Brazil ğŸ‡§ğŸ‡·  - by drone [4K]",20210813,2160,533385393
VQ1xCS3OxYc,Braslia,226,"Favelas - Rio de Janeiro, Brazil ğŸ‡§ğŸ‡·  - by drone [4K]",20210917,2160,460654160
Sg4tAbdS4Mk,Bryggen,260,Bergen Aerial / Norway drone 4K,20181109,2160,569146427
YLHGcBGy16M,Burgos cathedral,606,Chester drone footage 4k. University cathedral and roman remains.,20191231,2160,968970432
X44zGKad2sY,Burgos cathedral,41,Samara Cathedral by drone,20190505,2160,76387790
lHxPSAKVlNQ,Byblos,720,Tannourine by drone -4k- | ØªÙ†ÙˆØ±ÙŠÙ†,20181206,2160,1528082324
-3eZYsb3BCU,Virgin komi forests,171,Jannet Chouwen - Jabal Moussa forest - Lebanon - [4K] drone video footage | Ø¬Ù†Ø© Ø´ÙˆÙ‘Ø§Ù† ÙˆØ¬Ø¨Ù„ Ù…ÙˆØ³Ù‰,20170619,2160,367947229
mtcDwKV23g4,Jesuit missions of chiquitos,495,Ehden by drone | Ø§Ù‡Ø¯Ù†,20181217,2160,1041273553
1eRc7SCWl9k,Byblos,201,"Roum 2020, a Lebanese village shot by drone.",20200708,2160,538087643
9wPJLPQyq9I,Rock hewn churches lalibela,41,"4K Flying over view drone of the rock-cut church of Saint George, Amhara Region, Lalibela, Ethiopia",20190401,2160,89556662
ECybrhisMVs,Canaima national park,3818,Venezuela 4k drone - 4k Scenic Relaxation Film With Calming piano Music | Mount Roraima,20211002,2160,4471436712
DfA3DtNzXaM,Canaima national park,229,Lewa Sogeri - a drone adventure at Variarata National Park,20210530,2160,497244732
itXbkib00A0,Canal du midi,65,Canal du Midi en drone,20170806,2160,145866157
LNUew-vNlDU,Canal du midi,85,"Pont-canal de BÃ©ziers, Canal du Midi, vu du ciel avec drone DJI MAVIC Air 2",20201013,2160,173130976
ZEWFA2BDSFQ,Carlsbad caverns national park,3605,Explore USA - Beautiful Stunning Nature drone Footage with Soothing  Instrumental Music,20210817,2160,6564527033
shGW8zLIGc0,Castel del monte,311,Castel del Monte - 24 Settembre 2020 - Volo con drone - Video 4k,20200924,2160,463916888
616pS05Hizc,Castel del monte,69,Castel del Monte by drone,20200714,2160,131461186
wZ46SZBrLfM,Castel del monte,26,"Castel Del Monte in Puglia, Italy -  4k drone shot of a medieval castle with octagonal shape.",20190421,2160,43173899
OzR8iGJ1yjs,Castel del monte,80,fimi x8 se 2020 Castle KÃ¡cov drone cinematic drone footage,20210404,2160,159458496
6wvLjJN34Jw,Castel del monte,118,Soave vista dal drone - maggio 2021,20210905,2160,263797234
LrphRhRVa1c,Castle of the teutonic order in malbork,236,"Malbork Castle, Poland, drone footage",20210308,2160,520269781
NYebb2u05uM,Castle of the teutonic order in malbork,173,"Poland, Malbork - drone video 4K",20201227,2160,332856614
xo4b9UWgqXA,Castle of the teutonic order in malbork,94,Kwidzyn Castle in winter 4K drone (Zamek w Kwidzynie zimÄ…),20210222,2160,173564700
WqnRaW5ky9I,Castles and town walls of king edward in gwynedd,152,Caernarfon Castle.....................by drone,20180818,2160,334151147
U0K_HEDkCBE,Caves of aggtelek karst and slovak karst,768,"HollÃ³kÅ‘ drÃ³nvideÃ³, Raven-stone drone video  4K, DJI Mavic Pro",20170818,2160,1725784014
vzXmulMB_8U,Caves of aggtelek karst and slovak karst,334,PÃ©cs - the city of mediterranean impressions 4k Aerial drone video,20190101,2160,662622941
ts8qr7hvCug,Centennial hall in wrocaw,362,"WrocÅ‚aw City, Poland in 4K | Wroclaw 4k drone View | Wroclaw city tour | #WrocÅ‚aw #Poland #4K",20210626,2160,673072573
QeyMHpODd_E,Central amazon conservation complex,840,Chasing FALCONS! - Is a drone fast enough?,20210528,2160,2738543519
2OHXyHtEQ54,Central highlands of sri lanka,169,Sri Lanka dji drone movie 4K,20200515,2160,393266083
VxpS4zLE3EA,Dinosaur provincial park,605,dinosaur provincial park HD drone footage,20170901,2160,1349821429
BnDvZrFc4gU,Champagne hillsides houses and cellars,266,FRANCE - Amazing Aerial Champagne vineyards  - Reims - Verzenay [4 drone video] (2019),20190928,2160,597660277
6UzoTm7YBmY,Chan chan archaeological zone,946,Flywoo Firefly Nano 1S Baby - This tiny drone will put a smile on your face - Review,20210923,2160,1967438795
9GpsDuq1fTY,Chan chan archaeological zone,1156,The REKON 6 drone can do everything!  Review,20210707,2160,2484414912
ruGd3LV1QyA,Prehistoric city of el tajn,289,"Lido di Jesolo  Italy volo del drone ""4K lido | di jesolo hotel",20190707,2160,985166596
IaX1di5XU9o,Changdeokgung palace complex,243,korea Seuol sky2 : 4k mavic pro drone,20180507,2160,535838825
uaKc6RfPo2k,Chartres cathedral,209,DÃ©couverte de Chartres vue du ciel en drone,20201005,2160,313462543
qcxGR7Y6HI0,Chartres cathedral,23,"Xiaomi Mi drone in Heraklion, Saint Minas Cathedral. Î‘Î³Î¹Î¿Ï‚ ÎœÎ·Î½Î¬Ï‚",20171101,2160,50416022
RE9wYXzzeYI,Chartres cathedral,174,Notre-Dame de Paris par drone / Notre-Dame de Paris aerial drone shots,20190830,2160,270090570
gAuiSI3allc,Durham castle and cathedral,92,Durham Cathedral drone view by the,20161005,2160,205803148
M-0TD6RLuqw,Chavn archaeological site,474,A drone video of MUSSOORIE during LOCKDOWN,20200506,2160,745422972
P74e8bFzqD0,China danxia,312,JIUZHAIGOU fantastic view by drone of the most overwhelming valley in China now in 4K. MUST SEE!,20201103,2160,736666334
SHwA938BkAo,Chitwan national park,236,Bagmara | Sauraha | Chitwan National Park | Best drone shoot  4k,20210603,2160,429778986
Ch3vFaLKcz4,Struve geodetic arc,129,Beautiful drone footage from the world heritage city of Christiansfeld,20200403,2160,361082352
wmDoSCsOVHQ,Church village of gammelstad lule,301,LuleÃ¥ by drone 1,20200901,2160,634594237
NdrPi5QOpS4,Churches of moldavia,33,"Orbital aerial drone view of Curchi Monastery in Orhei, Moldova",20210314,2160,54365415
hcy4ucnXiFk,Port fortresses and group of monuments cartagena,1764,A MAGICAL walk VILLEFRANCHE to ST JEAN CAP FERRAT including drone flight over Rothschild Villa..,20211024,2160,5084885053
0Q9uOsKbFKs,City of bath,439,Bath from drone.,20190831,2160,1039582349
zzmv8cM4Fm4,City of bath,62,4k drone collage recording across bath,20200721,2160,106253779
Q0UZSn1jwsw,Historical centre of the city of arequipa,259,"Cusco, the old Inca Capital like NEVER seen before. - 4K drone video",20210723,2160,438703278
oZ90M55mDac,Historic sanctuary of machu picchu,156,"Machu Picchu, Peru ğŸ‡µğŸ‡ª - by drone [4K]",20190524,2160,293006338
7nODO_eCsu8,Huascarn national park,205,8K Peru | Peru in 8K ULTRA HD HDR drone,20210421,4320,824612526
r9DZE-qM300,City of graz  historic centre and schloss eggenberg,93,castles of austria by 4K drone (dji mavic air and osmo mobile 2),20190822,2160,160896585
gYO1uk7vIcc,Vatican city,204,Magic of Hong Kong. Mind-blowing cyberpunk drone video of the craziest Asiaâ€™s city by Timelab.pro,20191007,4086,699871869
0cHbqAIw4zc,Old city of sanaa,266,"Barcelona, Spain ğŸ‡ªğŸ‡¸ - by drone [4K]",20200612,2160,411056633
MuflV6qAs3I,Old city of zamo,484,"Hamburg, Germany ğŸ‡©ğŸ‡ª - by drone [4K]",20201023,2160,1013189577
Oxv6IRcuNaI,Old town of ghadams,374,"Amsterdam, Netherlands ğŸ‡³ğŸ‡± - by drone [4K]",20200904,2160,792736535
CwZ-9cUy9o0,City of quito,228,4k: Two days in Quito / Ecuador - Highlights by drone,20180910,2160,497585978
HA_sLhSrhsE,City of quito,382,Quito drone view 4K,20210114,2160,849858016
HqyVi6Id8TY,City of quito,275,4k: Two days in Quito / Ecuador - Highlights by drone DJI Mavic Pro,20180912,2160,597584653
r0We_LMQNvY,City of safranbolu,69,Safranbolu drone 4k,20210928,2160,231004999
Ru1hwt0bnI4,City of valletta,141,"Valletta, Malta by drone",20180930,2160,307993894
ZuW4e0xl91I,City of valletta,248,Malta ğŸ‡²ğŸ‡¹ - by drone [4K],20210924,2160,335146378
C7owL2KZ_QY,City of vicenza and the palladian villas of the veneto,111,Villa Troubetskoy - Venetian Intimacy - procuded by Eyedrone.it,20161126,2160,260275272
3UbnsoH_SZk,Classical gardens of suzhou,707,Suzhou City China | 4k drone view,20210827,2160,1973492940
SO9tUbxIIWU,Old city of sanaa,325,"Berlin, Germany ğŸ‡©ğŸ‡ª - by drone [4K]",20201009,2160,570240694
_MYvbKoN1Ng,Cocos island national park,172,Seychellen by drone and 4K,20171208,2160,371804251
V8hatDic9TY,Cocos island national park,448,SEYCHELLES' BEAUTY FROM THE SKY â˜€ï¸: 4K drone video of the best places and beaches in the Seychelles,20210525,2160,931396395
NoXEJQyMfQ4,Cocos island national park,134,Seychelles - The Color of Light - 4K drone footage,20170916,2160,439562193
6eLZfe5945E,Len cathedral,279,"Cologne / KÃ¶ln, Germany ğŸ‡©ğŸ‡ª - by drone [4K]",20210909,2160,368808005
i-285FbVKpc,Cologne cathedral,410,"Cologne / KÃ¶ln, Germany ğŸ‡©ğŸ‡ª - by drone [4K]",20180921,2160,883627847
yF7vRuJJ3-4,Cologne cathedral,222,"Cologne / KÃ¶ln, Germany ğŸ‡©ğŸ‡ª - by drone [4K]",20200626,2160,404672743
dgNqzNqbxNg,Cologne cathedral,88,First drone flight - DJI MAVIC Pro over Cologne Cathedral,20170602,2160,213353145
PgEefz0yyq8,Cologne cathedral,357,"Cologne - KÃ¶ln, Germany ğŸ‡©ğŸ‡ª drone 4K",20210922,2160,594084430
OYzwc-U1j1s,Cologne cathedral,182,"Cologne-kÃ¶ln in 4k ,Germany ğŸ‡©ğŸ‡ª by drone   filmed with dji mavicair2 Ù…Ø¯ÙŠÙ†Ø© ÙƒÙˆÙ„Ù†",20201205,2160,411182928
J22vjIcbMp8,Cologne cathedral,169,"KÃ¶ln / Cologne, Germany by drone [4K]",20210203,2160,391160318
3jMMhKnHv00,Cologne cathedral,439,"KÃ¶ln, Germany (Unedited drone footage)",20190912,2160,775614602
foRinpib_xw,Colonies of benevolence,319,LA REUNION: the Highlights in 4k by drone / Perle de l'ocÃ©an Indien en 4k par drone,20181229,2160,437389077
LuEYsokaGWg,Rock islands southern lagoon,660,LA GOMERA  |  BEST OF drone travel video 4K,20210213,2880,1030104674
ZkSxIbv_gbk,Como national park,158,"Safari Tour, Africa ğŸ‡°ğŸ‡ªğŸ‡ºğŸ‡¬ğŸ‡¹ğŸ‡¿ğŸ‡§ğŸ‡¼ğŸ‡³ğŸ‡¦ğŸ‡¿ğŸ‡¦ - by drone [4K]",20190503,2160,348479200
oyE2x9B0CVA,Complex of hu monuments,1137,What are the rules to fly your drone in 2021?,20210626,2160,2086921646
LEkvFT5Jx18,Costiera amalfitana,202,"Costiera Amalfitana Campania 4K, The Amalfi Coast Italy, drone footage",20181117,2160,431236165
pOoG_kXK7gw,Costiera amalfitana,236,"Amalfi Coast, Costiera Amalfitana Italy Positano | 4K drone footage, DJI Mavic Air",20180802,2160,488019716
Pp1qDMElOyM,Costiera amalfitana,209,"Positano Costa Amalfi, Costiera Amalfitana, Amalfi Coast Italy | 4K drone footage, DJI Mavic",20180807,2160,443092681
TNrY-Xxp58U,Costiera amalfitana,444,La Costiera Amalfitana by drone [4K],20210112,2160,1428182518
-8FuS-MLv3c,Crespi dadda,63,Video con drone su San Gervasio/Trezzo sull'Adda,20190217,2160,118371526
xmyON9LgCXg,Cultural landscape and archaeological remains of the bamiyan valley,111,Foladi Valley Bamiyan Beautiful Afghanistan drone footage Ø¯ÙŠØ¯Ø§Ø± Ø§Ø² Ø¯Ø±Ù‡ Ø´Ø§Ù‡ ÙÙˆÙ„Ø§Ø¯ÛŒ Ø¨Ø§Ù…ÙŠØ§Ù†,20191030,2160,220756461
EzPXLGcR1ng,Cultural landscape of sintra,377,Porto City 4K  Portugal by drone | Porto city tour | Porto city centre aerial view #PortoCity #4K,20210521,2160,636045306
x-XlNqHTifM,Cultural landscape of sintra,217,Portugal - travel by car - aerials views of beautiful landscapes - 4K drone,20201103,2160,456340334
_a5LmWnJdP0,Curonian spit,107,"Curonian spit (Kaliningrad, Russia) - 4K drone video from DJI Mavic Air",20200108,2160,209513199
PQm9bxZJcas,Curonian spit,23,Curonian spit in Kaliningrad is filmed from above by drone at summer time,20210723,2160,47341703
fXiD6bxPKAc,Curonian spit,14,Aerial drone view of Curonian spit and Baltic sea with clear sky over it filmed in warm summer day,20210723,2160,25028697
FfoM3_GbioY,Curonian spit,23,Top view of Curonian spit and Baltic sea in Kaliningrad filmed by drone,20210723,2160,40914026
g0Jk5uUXoTg,Curonian spit,303,"VirÅ¡ Lietuvos: JuodkrantÄ—-Gintaro Ä¯lanka. Neringa, Curonian spit, Kurische Nehrung, drone Lithuania",20200416,2160,664196731
NkrbKuWDIsI,Curonian spit,30,Top view of the Curonian spit and Baltic sea in Kaliningrad filmed by the drone at warm summer day,20210726,2160,56069583
zgzwanwR0Go,Curonian spit,274,"VirÅ¡ Lietuvos: Mirusios kopos iÅ¡ virÅ¡aus, KurÅ¡iÅ³ Nerija, Curonian spit, Kurische 4k drone Lithuania",20190505,2160,597911809
GQoFndtC6MI,Curonian spit,384,"VirÅ¡ Lietuvos: JuodkrantÄ—, KurÅ¡iÅ³ nerija, Curonian Spit, Kurische Nehrung, Litauen drone Lithuania",20190130,2160,865691043
Qyca2RB9Kek,Historic centre of sighioara,399,Letâ€™s fly â€¦ ROMANIA ! 2000km drone-trip to discover amazing Romania ! [4K],20161017,2160,843670983
gkbJT5lBIVo,Darien national park,128,Autumn in Mazsalaca. Flying over with drone.,20181019,2160,281508420
1eC94T9N6Nw,Darien national park,142,4K Epic drone footage of forest and farms in the Amazon Basin,20210211,2160,300001669
Ld4V44YJi5o,Dazu rock carvings,646,Brienz Rothorn Bahn - SWISS STEAM RAILWAY SINCE 1892 - 4K vlog + drone,20210930,2160,2238663139
VtS5C4pr0Eg,Dazu rock carvings,105,4K - Azure window Dwejra Gozo 26/02/2017 - Last shot from drone before collapse,20170309,2160,232847438
4RkxpEF5k44,Dazu rock carvings,177,ã€4K droneã€‘Clearwater Bay Country Park & High Junk Peak | Hong Kong drone video,20210912,2160,317037535
2TWtDAdBDgM,Dazu rock carvings,60,Best shots of Argentina - mostly drone,20180201,2160,128408122
3doHNUJnEuQ,Dazu rock carvings,225,"PING SHAN HU - an Amazing Grand Canyon (Zhangye, Gansu, CHINA). Best by drone in 4K resolution",20200911,2160,398590764
vm4iqorcobo,Derwent valley mills,250,"Milford, Derbyshire by drone. A town ""built"" on the River Derwent. Feb 28th 2021",20210228,2160,522739614
T3dWBalOLo8,Monastic island of reichenau,810,"Crete, Greece ğŸ‡¬ğŸ‡· - by drone [4K]",20211015,2160,1802067319
ymTH6_OTOQw,Dja faunal reserve,185,This is Wiltz. With the drone over Wiltz.DJI Mavic,20210412,2160,343268895
nXophqU-rp4,Dja faunal reserve,213,These seed-firing drones plant thousands of trees each day | Pioneers for Our Planet,20191204,2160,413365915
fe9O_AN8kE8,Dja faunal reserve,310,Flying a drone in high winds is DANGEROUS ğŸšğŸŒ¬,20171017,2160,970686013
0LbpLI0UYRU,Djmila,74,ChrÃ©a Blida Algerie#AlgerianFilmmakersâ€‹ #Algeriaâ€‹#tourisme#dronealgeria,20210626,2160,124284009
v4VzDNjjDgQ,Djmila,233,Algeria by drone Ø¬ÙˆÙ„Ø© Ø±Ø§Ø¦Ø¹Ø© ÙÙŠ Ø§Ù„Ø¢Ø«Ø§Ø± Ø§Ù„Ø±ÙˆÙ…Ø§Ù†ÙŠØ© Ø¨Ù…Ø¯ÙŠÙ†Ø© Ø¬Ù…ÙŠÙ„Ø© ÙˆÙ„Ø§ÙŠØ© Ø³Ø·ÙŠÙ,20210828,2160,348020657
BqzS_NRiF4A,Djmila,914,ALLEEN MAAR iJSJES ETEN? ğŸ¦( + drone shots)  | Bellinga Familie Vloggers #1350,20190504,2160,1951715589
USSUGr8XXDw,Djmila,570,Algeria by drone Visite Jardin Dâ€™essai AlgÃ©rie ğŸ‡©ğŸ‡¿ #Ø¬ÙˆÙ„Ø© ÙÙŠ Ø­Ø¯ÙŠÙ‚Ø© Ø§Ù„ØªØ¬Ø§Ø±Ø¨ Ø§Ù„Ø­Ø§Ù…Ø© #Ø§Ù„Ø¬Ø²Ø§Ø¦Ø±4k,20210824,2160,878039328
tfxKquLJklA,Doana national park,575,Hunting Park (Ğ›Ğ¾Ğ²ĞµĞ½ Ğ¿Ğ°Ñ€Ğº) and the ruins of Sofia Land - filmed with a drone,20210915,2160,1498115295
m9aF5QqK1K4,Doana national park,3365,"Tobermory & Lion's Head, Ontario ğŸ‡¨ğŸ‡¦ | 4K drone film + calming music [Relax with Nature]",20201213,2160,9687564972
iv5Q1wOPubA,Uluu kata tjua national park,134,Besos from Uluru-Kata Tjuta National Park | Travel drone video 4K,20200906,2160,267343370
E9LxCWmGOuw,Dorset and east devon coast,140,Lyme Regis & Jurassic Coast - Popular beachfront in Dorset Ariel drone footage in 4K (Made with DJI),20210909,2160,299854377
qd5ASb-yp_c,Droogmakerij de beemster beemster polder,234,"Jelena Test Vlucht met de drone, over de polders in Nederland",20200822,2160,453511931
kem3rN9QHe8,Durmitor national park,158,Montenegro best drone 4K,20190731,2160,304764560
oaK2NGdRfOw,Durmitor national park,126,"DRONE EPIC VIDEO: Vir, CROATIA and ÄenoviÄ‡i, MONTENEGRO /beautiful sunset movie drone/",20170917,2160,269349036
zkyHR8_ZCvs,Dutch water defence lines,108,The Dutch Deltaworks by drone 4K,20180414,2160,224568975
9szhXMhE35w,Elephanta caves,217,"Mumbai , Maharashtra ,  India  ğŸ‡®ğŸ‡³ 4K by drone Travel",20211003,2160,316927771
qytQstnsp0c,Ephesus,464,Der Egelsee in KÃ¤rnten (drone view 4k),20200207,2160,972006132
iCZi-jN71lo,Hierapolis pamukkale,148,Hieralopis & Pamukkale ğŸ‡¹ğŸ‡· - by DJI drone [full HD],20210820,2160,297566948
RLDaTFao_xc,Fasil ghebbi gondar region,71,Early morning drone flight over Church of Saint George in Lalibela Ethiopia,20190211,2160,134142573
DoK5NNs3Qkc,Fatehpur sikri,266,"buland darwaza, buland darwaza fatehpur sikri, buland darwaza agra, buland darwaza drone, Fatehpur",20200412,2160,397021640
wATxE_bNHGk,Fatehpur sikri,25,aerial drone flight path downtown dealerships mtns  timeramped,20191008,2160,49942004
EHyhiRDRY0A,Fort and shalamar gardens in lahore,246,lahore Pakistan 4k by drone,20210811,2160,302876873
8K4egkotlVw,Fort and shalamar gardens in lahore,217,Lahore 2021 5k drone footage,20210221,2880,351375337
aRWBDsFnjMU,Fort jesus mombasa,98,"DRONE CRASH: Watch how my drone (DJI Mavic Zoom) crashed into Nairobi's newest skyscraper, the GTC.",20210504,2160,176439609
jzbSBw0EkpM,Fort jesus mombasa,97,President Uhuru Kenyatta operates a specialised drone in Kilifi,20210722,2160,172604031
1u62UNpxCj0,Forth bridge,319,The Forth Bridges - Scotland - Cinematic drone footage,20180512,2160,675750896
tHyo-qEefhA,Old and new towns of edinburgh,552,Edinburgh Scotland Drone View 4k ğŸ´ó §ó ¢ó ³ó £ó ´ó ¿  | Ultra HD | Forth Bridge #scotland #edinburghdrone #dji,20210302,2160,1630070393
ocoIBFMYRA4,Forth bridge,126,"Forth Bridges. Relaxation video of natural Scotland, 4K drone.",20200228,2160,117116897
PWfmOwxT6mw,Forth bridge,480,Forth Rail bridge shot by drone,20200506,2160,375881451
_LeFOwcAs8U,Fortifications of vauban,108,Fortifications Vauban en drone,20200519,2160,214776405
mP3P9odD8jQ,Fortifications of vauban,102,"Ambleteuse,Fort Vauban/drone",20200919,2160,207298645
tn0yWRjRTF8,Fortress of suomenlinna,226,Suomenlinna from the mavic 2 drone air,20200625,2160,735842358
0JuhJscnO90,Forts and castles volta greater accra central and western regions,202,Elmina Castle Ghana drone footage,20170724,2160,431102364
cTdAxFbue8c,Forts and castles volta greater accra central and western regions,139,"Flying a drone through the Slave Dungeons at Elmina Castle, Ghana",20210518,2160,250641452
r9hwXFaNYQk,Fossil hominid sites of south africac,196,OUR PLANET PART 2 | The Dolomites and the Alps by drone | Filmed in 6K,20200111,3200,327534643
LnLuHTtphfY,Frontiers of the roman empire,100,"Roman fortress Castellum Fectio and ""Fort bij Vechten"" by drone.",20161201,2160,201270297
HDpX9dnJHmk,Vatican city,197,"Venice, Italy ğŸ‡®ğŸ‡¹ - by drone [4K]",20180608,2160,409021599
7PcPd3DK18g,Fujian tulou,137,Xiamen drone aerial view | episode 2 | 4K,20200925,2160,232465309
1pNbqUAonAw,Galpagos islands,275,Galapagos Islands by drone - AMAZING 4K Ultra HD,20171028,2160,588932190
uld5-MuK1lA,Galpagos islands,752,Explore Easter Island by drone....a unique view of a unique island.,20210920,2160,1483338727
EaJTWaG8Cuo,Garajonay national park,997,La Gomera 1 - Treking z dronem i piwem [4k 60fps UHD],20200322,2160,3508533158
O0_YXaP-7yw,Garajonay national park,832,LA PALMA  |  BEST OF drone travel video 4K,20210430,2880,1316877036
4Wx1JkCzYko,Mount athos,183,"Meteora Monasteries, Greece ğŸ‡¬ğŸ‡· - by drone [4K]",20200214,2160,339694852
dsVXdlrBL78,Gelati monastery,174,"Maratea, Monte San Biagio, Basilicata, Italy, Christ the Redeemer | 4K drone footage, DJI Mavic Air",20180815,2160,364456740
cQlbld-faZU,Gochang hwasun and ganghwa dolmen sites,231,DRONESHOT / Ganghwa Island - One day Trip / 4K / ê°•í™”ì—¬í–‰ ë“œë¡ ìƒ· / www.droneshot.kr,20190915,2160,527100356
e6iWKaHBF30,Golden mountains of altai,164,Altai 2020 (drone footage) 4K,20200831,2160,261919017
EMd2iD5z8U0,Golden mountains of altai,165,Autumn in the AllgÃ¤u Alps (Cinematic drone video),20211023,2160,398307361
blwTQl-NIs0,Golden mountains of altai,25,"Cinematic drone fail, Altai region, Russia",20210124,2160,47740670
jlpzAvQ8t8s,Three parallel rivers of yunnan protected areas,131,"Grand Canyon, USA ğŸ‡ºğŸ‡¸ - by drone [4K]",20180907,2160,260083906
QYLdSqSIjPE,Grand canyon national park,175,Grand Canyon & Lake Powell by drone in 4K,20200102,2160,358596863
W_Ray0hbf9A,Great barrier reef,122,Besos from the Great Barrier Reef | North Queensland Australia | Travel drone video 4K,20190907,2160,283527923
bupFYH-qlEg,Great himalayan national park,499,Great National Himalayan Park | silent nature | awesome views | lake | Family tour | drone | ep-8,20210723,2160,1719748663
lgXR4qpcUcY,Great himalayan national park,307,The Urals: Turgoyak | Taganay 4K drone footage,20171104,2160,665440910
61hkC0wTzzo,Mount etna,186,The best drone footage of Kilimanjaro 4K,20190102,2160,283497697
K5pfUM1PP1Q,Great living chola temples,30,nature video by drone [4k],20210720,2160,67083275
0g98NCK-YIg,Great smoky mountains national park,569,"Gatlinburg TN, Pigeon Forge TN, Cherokee NC and Great Smoky Mountains | 4K drone footage",20210904,2160,1103721653
8-KiMO0yfdo,Group of monuments at mahabalipuram,183,Mahabalipuram shore temple | drone view | sairamyarabati,20210329,2160,331890032
Fm73srP4IiU,Gunung mulu national park,573,"Borneo Highlands, Sarawak, Bario, Batu Lawi 4K drone",20190710,2160,1040775902
-vr7ySisFmA,Gyeongju historic areas,249,Korea - Gyeongju ê²½ì£¼ì‹œ (drone ë“œë¡ ),20181229,2160,533599935
LFEie1oe3Eg,Seokguram grotto and bulguksa temple,258,"ê²½ì£¼ ì—¬í–‰ / Gyeongju, Korea (GoPro & Karma drone)",20201224,2160,468322801
WcI55XePm_s,Jeju volcanic island and lava tubes,192,The third Mavic 2 pro drone shot in Jeju.(Korea),20190912,2160,663769943
yhrkbH2tXq0,Ta national park,312,"Stunning Ha Long Bay, Vietnam drone footage 4K with best piano music",20210528,2160,363507885
sWgPdV2kr1c,Hallstattdachstein  salzkammergut cultural landscape,29,Hallstatt - Austria (4K drone view),20210826,2160,86471606
4UK4tEapDUM,Hanseatic city of lbeck,529,#LÃ¼beck Germany #LÃ¼beck by drone #Holstentor #4K,20210504,2160,1033611553
5ZxApiwDecQ,Hatra,217,Zakynthos  -Zante - Greece travel 4k (drone),20171016,2160,485225673
6XZOgg9WRhI,Hatra,552,"Hawaii, USA ğŸ‡ºğŸ‡¸ - by drone [4K]ğŸ„â€â™‚ï¸ğŸ",20190607,2160,1146703534
70L91h5s-_g,Hattusha the hittite capital,112,Old Adaminably by drone,20190520,2160,257631417
EYTrPJ7M7t4,Hattusha the hittite capital,122,Kapadokya ( Cappadocia ) drone footage in 4K [ TURKEY ],20190507,2160,235860678
9HBRkkThbA8,Hawaii volcanoes national park,18,Hawaii 3 - Volcanoes National Park - drone,20181127,2160,39506952
mgTGS-eAHW4,Rock islands southern lagoon,1377,Flying a drone in Iceland,20201231,2160,1232410523
E_1g00orFvw,Old towns of djenn,389,Aerial Scotland - Orkney in 4K   drone Video,20210622,2160,818579056
uOZsDwrcinE,Hebronal khalil old town,128,"Bsharri 2020, Lebanon, shot by drone.",20200821,2160,410732142
lhG7viTlr9w,Henderson island,208,"Destin, FL - Blue Destination - drone footage",20190721,2160,433393276
lOyI_7LGx4o,Hi an ancient town,356,"A drone footage of Saltpond, a beautiful ancient town in Ghana ğŸ‡¬ğŸ‡­",20210826,2160,684417283
NhHEbCGwibY,White city of tel avivthe modern movement,269,Tel Aviv - by drone [4K],20210423,2160,537301433
U_2EgF5PtJk,Hierapolis pamukkale,15561,Pamukkale Turkey 4K drone video - Music for sleep and relaxation,20210912,2160,25318973559
tXUc_ZD0G7Q,Himeji jo,348,Himeji castle - drone video,20190526,2160,732148182
IAhu_QINKWc,Himeji jo,89,Castles in Austria - by drone 4K (2019),20190522,2160,181010183
vfUrK9pFfUg,Old city of zamo,384,"Moscow, Russia ğŸ‡·ğŸ‡º - by drone [4K]",20201030,2160,785565706
SUff9wXxlfE,Historic centre of saint petersburg and related groups of monuments,438,"Saint Petersburg, Russia ğŸ‡·ğŸ‡º - by drone [4K]",20201113,2160,910300339
WpQ-eM7DCao,Historic areas of istanbul,793,Fascinating aerial views of Istanbul | 4K drone video,20210508,2160,1160304333
2bkMOpOKx8U,Historic areas of istanbul,201,"4k Istanbul|ğŸ‡¹ğŸ‡·ğŸ‡¹ğŸ‡· drone footages, Turkey |beautiful places of Istanbul||ultra HD video",20210511,2160,319956065
s1stLajpjT0,Historic areas of istanbul,158,"Istanbul, Turkey ğŸ‡¹ğŸ‡· by drone.",20210919,2160,302402495
8KOW6ed76Bg,Historic areas of istanbul,325,Istanbul drone view 4k.Istanbul aerial 4k.Istanbul drone view hd. Turkey 4k video ultra hd.,20210316,2160,567893776
411kxdFRCS0,Historic bridgetown and its garrison,54,St. Johns Bridge drone,20150119,2160,109294818
pNSDqpc4hEM,Historic bridgetown and its garrison,134,Tips and Tricks on How to travel with a drone while flying and cruising.,20181220,2160,246209890
u1S9p3IfCV0,Prehistoric city of el tajn,125,"Pyramids - Giza, Egypt ğŸ‡ªğŸ‡¬- by drone [4K]",20190614,2160,222220445
GVM1ylCdqi0,Historic cairo,43,Nile river in Cairo by drone dji mavic winter 2018,20181217,2160,74412629
KYo6lUn25gs,Historic centre of agadez,169,"Marina Bay, Singapore ğŸ‡¸ğŸ‡¬ - by drone [4K]",20190927,2160,331836568
72kRM86V-dw,Palace and park of versailles,284,"Paris, France ğŸ‡«ğŸ‡· - by drone [4K]",20201002,2160,568300576
mWCioMqkzL8,Historic centre of brugge,816,"Bruges Belgium during Christmas, Walking Travel (4K and hd video)  and with a drone | by RGR food",20201213,2160,1320271343
AFb0MT7n05Q,Historic centre of brugge,218,"Tour de Teemu: Bruges, Belgium. March 2020 [4K drone video]",20200312,2160,490137912
7_WuTK9fH9Y,Historic centre of bukhara,319,"Islamabad, Pakistan ğŸ‡µğŸ‡° - by drone [4K]",20200828,2160,443143869
S01BbNL8qlE,Historic centre of cordoba,259,Centro de Cordoba Argentina desde el drone,20180514,2160,522295571
QyMlLt7tAPw,Historic centre of florence,139,"Florence, Italy ğŸ‡®ğŸ‡¹ - by drone in 4K UHD",20200522,2160,225618762
927C1UIrE5w,Historic centre of guimares,32,Sintra National Palace Aerial / Portugal drone 4K,20200305,2160,66567268
ZOJ1X_XeqKE,Historic centre of krakw,90,Morning in Krakow - drone video,20210402,2160,80603680
7YCQo1gmg1c,Historic centre of lima,1945,Lima Peru 2021 4k | lima perÃº 2021 | Peru drone 2021  | miraflores Lima Peru | machu picchu,20211012,2160,2544714147
Zb5VUmYCY7Q,Historic centre of lima,239,"Sra das Neves, CorrelhÃ£, Ponte de Lima (drone 4K)",20180325,2160,506953742
IXvwqI0CJ3M,Historic centre of lima,1235,Lima Peru 2021 4k | lima perÃº 2021 | Peru drone 2021  | miraflores Lima Peru | machu picchu,20210829,2160,1927487896
O5bxRJilE90,Historic centre of macao,386,Discover Atlanta by drone | An aerial adventure in 4K,20210529,2160,614627472
QLXn8TQ7qz4,Historic centre of macao,96,"Hornsberg, Stockholm in the sunset - drone flight",20210121,2160,111887100
bOk9FFZMofE,Tower of hercules,305,"Prague, Czech Republic ğŸ‡¨ğŸ‡¿ - by drone [4K]",20210604,2160,428057970
uedWKf6RnIA,Historic centre of prague,66,AUTUMN IN PRAGUE | drone video [4K],20161102,2160,149291891
H8yGwPJAT0A,Historic centre of the city of salzburg,145,Salzburg drone footage [AUSTRIA] in 4K,20171113,2160,450413024
0ouAN_SisJA,Historic centre of the city of pienza,365,"SAN GIMIGNANO aerial view, Tuscany Italy travel | 4K drone footage",20210805,2160,1176258054
qr3tvR2tcJA,Itchan kala khiva,261,Uzbekistan from above. Best drone video of the Uzbekistan country by AirCinema. 6K.,20200417,3200,529530280
HlE1cznTExQ,Historic centre of siena,198,MONTERIGGIONI fortress of Siena by drone 4K | Tuscany from above | Aerial drone cinematic,20211010,2160,633988974
TjK7FC_mznA,Historic centre of sighioara,262,"Sighisoara , Transylvania , drone footage with dji mavic  mini",20200830,2160,569864365
6Dx6Lk1WHzQ,Historic centre of sighioara,66,"Discovering Romania drone video - Hamace la inaltime, Baia de fier",20211021,2160,180348191
ohtYhqegfiI,Historic centre of sighioara,157,Sighisoara 2021 | Turnul cu ceas | video drone 4K | Viziteaza Romania |,20210427,2160,281357289
RpvFDssfF_4,Historic centre of so lus,813,Crazy fpv drone meet up in the desert! | part one,20211030,2160,1692916695
5d9vXBApV0A,White city of tel avivthe modern movement,225,Tel Aviv Yafo (×ªÖµÖ¼×œÖ¾×Ö¸×‘Ö´×™×‘-×™Ö¸×¤×•Ö¹â€) City Israel by drone | Tel Aviv City tour 4k aerial view #TelAviv,20210521,2160,341221008
pMRE7ofQE3U,Old city of zamo,517,"Munich, Germany ğŸ‡©ğŸ‡ª - by drone [4K]",20210514,2160,955802577
CnLj0so2qI8,Historic centre of tel,190,Tel Aviv drone video          ×ª×œ-××‘×™×‘ ×××¢×•×£ ×”×¨×—×¤×Ÿ,20200919,2160,555466306
t2oDO5aeqXE,Historic centre of tel,283,"Paris, France - City by drone 4K - View skyline 2021",20210820,2160,792522297
Pvuv-tfpoOc,Historic centre of tel,167,Israel Caesarea National Park AERIAL DRONE VIDEO in 4K. Amazing drone shots. Phantom 4 Pro,20170527,2160,546491743
qFKGVGzA7cU,Natural and culturo historical region of kotor,527,Hangzhou (æ­å·) City 4K aerial view by drone | Hangzhou City China | Hangzhou city tour | #hangzhou,20210509,2160,855342528
D_POV5IKSzQ,Historic centre of the city of pienza,347,Punkaharju Topeliuksen Polku 4K drone scenery Finland from Air,20210427,2160,997113199
0m9hlPUUeJw,Old city of sanaa,357,"AREZZO awesome Tuscany by drone 4K, Wonderful Italy from above ğŸ˜",20210923,2160,1144593314
cFGhee-adX4,Royal palaces of abomey,359,"Amsterdam, Netherlands ğŸ‡³ğŸ‡± - by drone [4K]",20210723,2160,838883030
K21jDs5yZwc,Historic centre of the town of gois,219,"Drone night city flight - ğŸ‡§ğŸ‡· Brazil, Goiania drone 4k 2021",20210825,2160,357044384
xW-eBAlhjJ4,Old town of ghadams,327,"Istanbul, Turkey ğŸ‡¹ğŸ‡· - by drone [4K]",20210716,2160,407491858
yiWDltcGOwo,Historic centre of vora,134,Wolfsberg ğŸ‡¦ğŸ‡¹ Austria | zamek | drone | 4K,20210526,2160,246765921
D-ddOv1GbbU,Historic centre of warsaw,175,Warsaw the old and new city (by drone FPV),20200913,2160,352154032
ageOd_UFri0,Historic centre old town of tallinn,1013,Beautiful Tallinn Old Town by drone - continuous video,20170816,2160,2355174835
RZtpsplozTk,Historic centres of berat and gjirokastra,216,"Gjirokastra by drone - GjirokastÃ«r, Albania [4K Ultra HD]",20180415,2160,451836865
fvReqXW79zI,Historic city of sucre,249,A drone flew over Bolivia,20171123,2160,520178082
YQl0KK0vyNo,Historic city of sucre,150,4K Varennes relaxing drone flyover,20160908,2160,332702647
kKLvBgtnuWc,Historic city of toledo,300,"Amazing Aerial View from Toledo, Spain | Xiaomi mi drone 4k flight video",20171007,2160,663933418
QNBA5iA4sHc,Historic city of trogir,888,"STARI TROGIR, 4K drone",20171001,2160,2037360288
EWZtRlwb_2U,Historic district of old qubec,120,DJI Mavic Pro 4k | Quebec City | Chateau Frontenac by drone,20170917,2160,265681007
2zrU93RQWkE,Historic fortified city of carcassonne,213,My drone travels to Beynac Sarlat Rocamadour and Carcassonne,20170702,2160,478264068
dA-5iH3ypZw,Historic monuments of ancient nara,263,Japan No.1 view of Bullet train and Mount Fuji with drone.,20210706,2160,513190987
vdU35Py3I6w,Historic monuments of novgorod and surroundings,334,Yekaterinburg City Russia by Drone [4K] || Yekaterinburg Drone View || 4K drone footage #4K,20210625,2160,491534728
XXC-B4AT3Xg,Historic monuments zone of quertaro,231,Torrevieja 4k Spain | Downtown Torrevieja Spain 4K drone footage | Costa blanca beaches spain 2021,20211014,2160,359725678
nVFLnJ0sdN8,Historic mosque city of bagerhat,40,FPV drone flying||Bagerhat||Drone footage,20210412,2160,86875811
uTdNDg19Q2s,Historic site of lyon,144,Montpellier & Saint-Guilhem-le-DÃ©sert aerial drone movie,20171221,2160,313408808
M9HugXU-xb8,Historical monuments at makli thatta,421,Karli Jheel Noori Jam Tamachi Mazar 2k19 with drone view,20190113,2160,686741069
uEH8rgQYFWY,Historical monuments of mtskheta,388,"Georgia's HUGE cathedrals and monasteries: Svetitskhoveli, Jvari, and Samtavro - 4K drone footage",20211017,2160,660793483
_xDKJkJ-yjU,Historical monuments of mtskheta,564,Friendship Monument between Russia and Georgia by drone,20190517,2160,1193279576
pZkTJZUIO6Y,Historical monuments of mtskheta,128,Best of Georgia by drone,20210625,2160,308465463
G6n3kKr4elo,Hospicio cabaas guadalajara,268,[TEST] Vuelo de drone en 360 grados; Los Arcos del Milenio Gdl,20150316,2160,595562394
AxcoL41E5Ao,Huascarn national park,291,Manu National Park from drone perspective. Discover Amazon Jungle in Peru,20190125,2160,829528461
b68zmzNcj9U,Mount wuyi,280,"Mount Wutai - Part1 daytime drone shots of Buddhism temple, China",20211001,2160,592015166
ZqSApAyk7Wc,Mount wuyi,228,"Mount Wutai - Part3 Mountain top drone shots of Buddhism temple, China",20211001,2160,426265000
aIVKO23KqNM,Plitvice lakes national park,239,"KRKA Waterfalls / National Park, Croatia ğŸ‡­ğŸ‡· - by drone [4K] remastered",20190731,2160,647222779
h8QWFD5gVNg,Ilulissat icefjord,303,10 Tips to get cinematic drone footages with cheaper drones l Dji Spark l Dji Mavic mini Tips,20200803,2160,451072890
cF-D5D2n6xo,Imperial tombs of the ming and qing dynasties including the ming tombs and the ming xiaoling mausoleum,120,Tombeaux des Ming Ã  PÃ©kin: Changling (drone),20171026,2160,264981048
9B4Tut9Jdeg,Ingvellir national park,223,Thingvellir - AlmannagjÃ¡ Iceland ravine drone flyover,20210824,2160,479746057
kZPgl5rq8js,Irdf woudagemaal df wouda steam pumping station,486,Maaldag stoomgemaal Nijkerk - Hemelvaart 2015 | Gefilmd met een drone,20150514,2160,1217203373
x50vw4A39WI,Ironbridge gorge,196,IronBridge | Shropshire - Aerial view by DJI MAVIC 2 Pro - 4K drone footage,20200323,2160,446396545
KGhu0tfSXqY,Ironbridge gorge,172,Ironbridge Shropshire drone footage 4k.,20190112,2160,351805948
a-YIWlNeY9c,Ironbridge gorge,228,Brown Clee Hill - highest point in Shropshire - 4k drone footage,20190512,2160,513822923
mdNrIxXLbxE,Socotra archipelago,422,"Vulcano Islands by drone 4K,  Aeolian Islands, Italy drone footage",20180519,2160,839502953
OQ7lV2mS410,Island of gore,228,"Isola di Cirella Calabria 4K, Italy by drone, Aerial footage",20181010,2160,482454215
q6xX1lnhe1E,Island of gore,378,MONTEPULCIANO in the morning by drone 4K | Aerial  Italy footage |  Tuscany from above,20211018,2160,1190655951
FwVhfXzrHbk,Island of gore,285,"CASTELMOLA the most beautiful view of Sicily, 4K drone footage",20200223,2160,553286664
JB3t7zZ5COY,Island of gore,232,"Diamante Calabria, Italy vacations | 4K drone footage, DJI Mavic Air",20180731,2160,490428602
KGClXTb-Tss,Island of gore,526,"The Very Best of TROPEA, Calabria, Italy | Spiaggia della Rotonda, Aerial 4k drone footage",20180524,2160,1153730367
2wa_5rKvyww,Island of gore,335,"SCILLA, Calabria, Italy | 4K drone footage, DJI Mavic Air",20180517,2160,710594232
1oCqQYnBybs,Old town of corfu,300,CORFU by drone (4K) *Greece 2021* ğŸ‡¬ğŸ‡·,20190607,2160,712973701
lNQYLkB76O8,Island of saint louis,243,"St Louis, Missouri | 4K drone footage",20191125,2160,437806884
NO0S1aL8qmM,Island of saint louis,170,Mississippi river near St. Louis (Portage island) - drone view 4K resolution,20171216,2160,371445485
5l6eUqvRyG4,Island of saint louis,490,Mauritius ğŸ‡²ğŸ‡º - by drone [4K],20210618,2160,885758237
jO9aAWAPIsw,Island of saint louis,66,"Oahu by drone: Moko o Loe (Coconut Island), Kaneohe Bay",20210316,2160,212984361
6avYY4UgeDE,Vatnajkull national park  dynamic nature of fire and ice,3651,Iceland 4K Scenic Relaxation Film | ğŸ‡®ğŸ‡¸ Iceland Drone Video with Peaceful Music | #Iceland4Kdrone,20210719,2160,11631091184
7Bio2ZJYUV0,Isole eolie aeolian islands,204,"Vulcano Island Sicily, Italy - 4K drone video",20180908,2160,400967532
0CBfYJNM7Bo,Shrines and temples of nikko,87,A beautiful landscape in Japan Temple Shinto shrine 4K drone,20170901,2160,278620546
gYi51iEyf8A,Jaipur city,307,"Kuwait City, Kuwait ğŸ‡°ğŸ‡¼ - by drone [4K] | Ù…Ø¯ÙŠÙ†Ø© Ø§Ù„ÙƒÙˆÙŠØª Ù…Ù† ÙÙˆÙ‚",20200918,2160,439928114
goUUXL5IjVs,Jeju volcanic island and lava tubes,122,volcano midnight with drone,20210513,2160,232615102
0bCGA6GQvCs,Wulingyuan scenic and historic interest area,346,ZHANGJIAJIE China most Amazing National Forest Park (Avatar floating mountains). Best by drone (4K),20200915,2160,694036106
7BVKEy20FXk,Jodrell bank observatory,177,Astronomical radio telescope. X-files / DJI Mavic 2 cinematic 4K drone video,20210304,2160,442887359
r7X5ln_DgzE,Kahuzi biega national park,51,Courtney Campbell & Freedom trail drone 1,20170221,2160,117770517
1Ttmyuo0d0k,Kahuzi biega national park,39,Courtney Campbell & Freedom trail drone 2,20170221,2160,92353084
hTIfjjvLzno,Kairouan,46,Arezzo con il drone,20201224,2160,136643617
SrXx-zxDqfA,Kairouan,199,History and Heritage with drones,20150927,2160,424888813
lFOhKjwpE6o,Kasbah of algiers,207,Constantine  Ù‚Ø³Ù†Ø·ÙŠÙ†Ø©#dronealgeria Algeria by drone,20210805,2160,380948544
Eo7M3oJ_gEc,Kaziranga national park,68,A Little Bird eye View of Nagrijuli Tea Estate From a drone For the First Time...ğŸ˜± Watch out,20210320,2160,87650589
BwhX2wGlzX8,Kgari fraser island,234,"Fraser Island in 4K by drone, cinematic edition",20190517,2160,471189015
lXf_ufIxzKg,Kgari fraser island,186,Amazing Weather Fraser Island (drone/fishing),20200621,2160,402278069
tkVsTVznfS4,Mount tai,398,"Kilimanjaro, the adventure with a drone! 4K",20161207,2160,783037180
v6BGlM1gNxw,Kilimanjaro national park,66,Kilimanjaro with a drone in 4K,20190819,2160,105454861
j7hK-zvuBnM,Rwenzori mountains national park,3605,1 hour drone footage of Tanzania in 4K with calm music,20210320,2160,4962352420
kiMAdg08bpU,Kizhi pogost,1245,Nature Relaxation | Drone footage | Drone 4K video | Beautiful drone footage,20200721,2160,2543452698
iBBuSHFRPzU,Komodo national park,344,Komodo | Flores Archipelago 2017 - 4K drone,20171015,2160,760989882
x2_AofZcYIA,Komodo national park,2203,Indonesia Bali Komodo Flores Diving on Liveaboard and drone footage,20191221,2160,4229052644
YDuCcamk_ZM,Kremlin and red square moscow,194,"Moscow, Russia ğŸ‡·ğŸ‡º / ĞœĞ¾ÑĞºĞ²Ğ°, Ğ Ğ¾ÑÑĞ¸Ñ ğŸ‡·ğŸ‡º - by drone [4K]",20181005,2160,381706145
Jbw5-qTo-eM,Kremlin and red square moscow,588,"Moscow, Russia ğŸ‡·ğŸ‡º - by drone [4K]",20210326,2160,1241540958
WM3vNhQ7f-0,Kremlin and red square moscow,280,Moscow Drone Night [4K] || Moscow Russia by Drone | Moscow drone night #Moscow #Russia #4K,20210625,2160,351854623
HgkoV7S9DZ0,Kronborg castle,278,4K video ULTRA HD (drone video Denmark) kronborg slot,20210516,2160,594210851
er8-atfNWn8,La grand place brussels,310,BRUSSELS ğŸ‡§ğŸ‡ª drone [4K] 2021 Aerial Bruxelles,20200208,2160,647866597
tlxQGcm3_uk,Lake baikal,226,"Lake Baikal, Russia ğŸ‡·ğŸ‡º - by drone [4K]",20210625,2160,301629149
MJq5mmUDngM,Lake baikal,180,Lake Baikal 4K drone,20180603,2160,366406979
DVf5GGcMh80,Lake baikal,301,"Lake Baikal, Russia ğŸ‡·ğŸ‡º - by drone [4K]",20210717,2160,378788709
QGLsZcF5uSs,Lake malawi national park,328,"4K HD drone flight over Game Haven Lodge near Blantyre, Malawi",20170127,2160,724593183
Pz-0np5R5Pw,Lake turkana national parks,138,A drone through Northern Kenya,20180425,2160,276689354
T4NQNmVmynI,Lakes of ounianga,695,Tchad / Chad (Africa) drone footage,20191216,2160,1039767310
158-SD89Sjk,Timbuktu,130,Mali - une histoire de drone,20210201,2160,247343728
p-l4XJYtip4,Land of frankincense,51,7up can from drone with sionics,20200411,2160,111180618
vLeDFO-zeYI,Surtsey,285,"Jakarta, Indonesia ğŸ‡®ğŸ‡© - by drone [4K]",20201016,2160,584137684
QqsyIhIPng0,Landscape of the mesopotamian cities,391,"Mexico City CDMX , Mexico ğŸ‡²ğŸ‡½ - by drone [4K]",20200814,2160,537636596
Gulc1bYAm84,Las mdulas,213,Las mÃ©dulas / Bierzo / LÃ©on - vÃ­deo drone 2019,20190808,2160,429492110
_Sy7vShOmmY,Lednicevaltice cultural landscape,292,Lednice & Valtice areal  2021 ÄŒeska republika 4K drone video,20210708,2160,878449774
9lRm5Z-aBhM,Lednicevaltice cultural landscape,26,village flyover - czech republic - KÅ™ivoklÃ¡t - drone footage,20180204,2160,57449958
Xs76tqAnCSM,Litomyl castle,62,Chateau Nove Hrady from drone 4K,20191011,2160,145774355
e00eIdWrHxE,Litomyl castle,93,Cinematic FPV drone footage,20210911,2160,230748073
wmQxjiqF-eI,Lorentz national park,110,"Kei islands, Indonesia - by drone",20170202,2160,255988173
HUtkEw1Ww8I,Los glaciares national park,113,GLACIAR SOLHEIMAJOKULL ISLANDIA drone DJI FPV   4K,20210907,2160,397468156
HWpNCF9ANh0,Los glaciares national park,159,Glacier National Park [before forest fires in Montana] - Avalanche Lake - (4K UHD drone footage),20150628,2160,312491270
1czN6OkKwOA,Lower valley of the omo,249,Peaceful Italian Mountains - Brembana Valley - Val Brembana San Marco 5K drone video,20200602,3200,394576383
xAhXnvpXZwQ,Lower valley of the omo,720,Iceland volcano drone view,20210612,2160,1372946374
W0Ux9zd6_Ms,Lushan national park,552,SEORAKSAN ì„¤ì•…ì‚° ë¬´ì¸ í•­ê³µê¸°  by drone  (2019),20190820,2160,725208683
JGgmUCwP7MU,Lushan national park,145,Jiangxi Province China drone (4K),20180505,2160,299905460
xL7apQrG3qc,Lut desert,123,IRAN - 4K drone shots in the magical desert of Mesr,20191004,2160,156726991
sFT3g9izSuQ,Lut desert,133,"Mui Ne, Vietnam by drone  - DJI Mavic 2 Pro - White Sand Dunes | Vietnam travel",20190525,2160,250050967
WMOoyZSyFCc,Lut desert,183,Autel Evo 2 Pro 4K drone footage -  Eye in the Sky,20201021,2160,306415809
Cin5cVUCscs,Lviv  the ensemble of the historic centre,152,Lviv city center. Single take drone flight.,20200715,2160,258549998
5YJNxLHRs54,Lviv  the ensemble of the historic centre,691,Inspire 2 drone NIGHT FLYING (In a Big City),20200222,2160,1390195138
nfLmSoVNNDQ,Macquarie island,210,Stunning Airlie Beach 4K drone video - DJI Phantom 4 Advanced | TheChurchie76,20180119,2160,461429147
izHMqwl42_I,Macquarie island,157,Australia from a drone in 4K,20190217,2160,313751373
Y4qW2s5dGf0,Macquarie island,70,A drone's view of Sublime Point Lookout - Bulli Tops - Australia (4K UltraHD),20160404,2160,204833725
YjHtm74OI44,Madara rider,297,Balchik Bulgaria - Queen Mary (drone video),20180415,2160,653967672
wWXEhJsYhYc,Major mining sites of wallonia,209,"Biggest hole on the planet ğŸŒ!? Tagebau Garzweiler, Germany ğŸ‡©ğŸ‡ª - by drone [4K]",20191024,2160,420329132
RH0h7uIIOMs,Major mining sites of wallonia,147,RonquiÃ¨res (Hellend vlak / Plan inclinÃ© / Inclined plane) - Belgium by drone,20210207,2160,263544592
ZnzIXwYSR0g,Manas wildlife sanctuary,166,Rani Gathwn || Cinematic drone shots | FlyTest,20210724,2160,314623347
DTTpmYDVqac,Mantua and sabbioneta,28,Mantova col drone,20190228,2160,46075532
kwjUI0QDx4A,Masada,89,Masada in the Judean Desert AERIAL DRONE VIDEO in 4K Amazing drone shots,20170729,2160,208309786
qS4MRrz5rpA,Masada,259,Masada | Israel | fortress | history  | 4K | drone | ĞœĞ°Ñ†Ğ°Ğ´Ğ° | Ğ˜Ğ·Ñ€Ğ°Ğ¸Ğ»ÑŒ ĞºÑ€ĞµĞ¿Ğ¾ÑÑ‚ÑŒ |Ğ¸ÑÑ‚Ğ¾Ñ€Ğ¸Ñ |,20210823,2160,507733300
afERsTuiJmA,Masada,161,Arad   Israel  on a drone By David Moreno,20161113,2160,346216308
g2QAP1-g3yQ,Masada,104,"Red Canyon, Eilat, Israel - 4K drone video - OKMediaProducties",20180518,2160,223894014
o-U7UlZ6vcA,Matobo hills,507,"Los Angeles, USA ğŸ‡ºğŸ‡¸ - by drone [4K]",20210108,2160,1034304170
UTRT3-rR2-M,Matobo hills,74,Bretagne - Prises de vues aÃ©riennes par drone,20171208,2160,160130290
Kdw7wlux2Ys,Medieval city of rhodes,114,The wonders of Rodos through drone 4K 60FPS,20170616,2160,260855178
miKqAHpMa-4,Medieval city of rhodes,465,Amazing Rhodes island aerial video from drone. 2019,20200110,2160,946395635
IieqrhYMASI,Medieval city of rhodes,135,Rhodes by drone,20200420,2160,197335477
BGwbziCIr7U,Medina of sousse,1178,How To Get A Drone Permit in Tunisia in 2021 (import + fly your drone legally),20210126,2160,1860684210
BUgxDUIT82E,Medina of tunis,35,prise drone la marsa,20200903,2160,50377694
NqQ6xgGnfsU,Meteora,243,Meteora by drone,20190202,2160,480028411
vLkalUQmFEk,Meteora,240,Meteora drone 4k short,20180611,2160,526502544
fbzJKoiz-5E,Meteora,192,Meteora Monasteries - best drone 4K,20211102,2160,223928127
4ej-bV6lbCg,Miguasha national park,75,Park National Forillon. Point la Penouille.  Gaspesie drone video [2021],20210805,2160,105437372
s30pPPO94uU,Miguasha national parka provincial park,123,Petit pause sur la job en drone RiviÃ¨re Mitis Quebec,20180806,2160,230575006
uZK1J3erwDI,Miguasha national parka provincial park,368,DJI Mini 2 CinÃ©matic drone vidÃ©o 4k L' Ã®le aux HÃ©rons ( L'Anse aux corbeau )baie des chaleurs ..,20210808,2160,788665407
DaGI2iJYoC0,Mill network at kinderdijk elshout,172,Molens Kinderdijk luchtopname drone in Ultra HD 4K,20160701,2160,368387544
WtXUVwlu4cQ,Mir castle complex,163,Georgia drone footage 4K: Ananuri Fortress Complex | Follow Me,20191010,2160,315037882
w3ouZD69GKg,Mir castle complex,234,Frozen Vyacha reservoir | drone footage | JAN 2021 | Belarus [4k UHD],20210118,2160,347007839
J5CIw15efS8,Mistaken point,296,Don't buy a drone,20180702,2160,955024669
srzEP7Kx-qg,Monastery and site of the escorial madrid,150,El Escorial a vista de drone / El Escorial from the air / 4K / Mavic 2 Zoom,20191012,2160,221694516
mxjhkn31nQI,Monastery of the hieronymites and tower of belm in lisbon,201,JerÃ³nimos Monastery - BelÃ©m Aerial / Lisbon Portugal drone,20200223,2160,390543932
BtGq86w7GU4,Monastery of the hieronymites and tower of belm in lisbon,125,"JerÃ³nimos Monastery, Lisbon by drone in 4k",20191222,2160,189181656
yLpOtH_sLlc,Monastery of the hieronymites and tower of belm in lisbon,48,JerÃ³nimos Monastery Aerial / Portugal drone 4K,20200305,2160,101387534
7Qn8ZV4H2MA,Monastery of the hieronymites and tower of belm in lisbon,91,Belem Tower - Lisbon - 4K drone view,20190503,2160,188574357
PaakSoNrCQA,Monastery of the hieronymites and tower of belm in lisbon,54,Belem Aerial / Lisbon Portugal drone,20200305,2160,114093425
bvIhbkranww,Monastery of the hieronymites and tower of belm in lisbon,187,"BelÃ©m, Lisbon drone footage in 4k",20191223,2160,370069701
eIMbj9MiDIw,Mont saint michel and its bay,206,âœˆï¸ğŸ‡«ğŸ‡· Mont Saint-Michel sky view (4k drone video),20180830,2160,454954303
UFqTzY_v7mc,Mont saint michel and its bay,139,"Mont Saint Michel, France: aerial views from a drone",20180816,2160,306498606
PJHu3wa7jMg,Monte san giorgio,111,Il Monte San Giorgio in 4K visto dal drone,20200716,2160,232784849
Yi3ZQslW2yM,Monte san giorgio,92,Monte Caccione - Marche Italy - 4K aerial drone footage,20210429,2160,182511105
dOCXGP3k22s,Monte san giorgio,423,"L'isola di San Giulio sul lago d'Orta, dal drone - HD 4K",20200913,2160,954979756
ANJll-8-35A,Monuments of oviedo and the kingdom of the asturias,63,"seaside morning drone flight Itoshima Peninsula Fukuoka,Japan (*^^)v",20161114,2160,144450350
AOpWBKhDBOY,Mount emei scenic area including leshan giant buddha scenic area,46,"Views of Leshan, Sichuan, China from my drone camera lens 4K | high resolution",20180922,2160,101838528
gbRdvpTdQdI,Mount etna,171,"Etna Volcano - Sicily, Italy ğŸ‡®ğŸ‡¹ - by drone in 8K UHD",20200313,4320,448982231
V4hi31hLAJs,Mount etna,103,Etna by drone in 4k UHD,20170310,2160,234330034
4ACzGDPnsAM,Mount etna,203,L'Etna vista dal drone (Uhd video 4k),20151110,2160,441802809
QOSCuwTLd3E,Mount etna,81,Mount Etna Sicily drone video,20180624,2160,170987921
7h_0xclBVHM,Mount etna,624,"Catania Sicily, ITALY in 4K Ultra HD | Explore City of Catania Sicily, and  Mount Etna with drone",20200229,2160,1926334445
BoRjQdWPSYc,Mount etna,387,Mount Etna drone footages and some little tips!,20201014,2160,646385071
T17gwJDg958,Mount huangshan,135,Flying over Yellow Mountains in China (4K drone footage),20180526,2160,222840766
9sCfoqPGHbs,Mount huangshan,120,Elements | A B&W drone aerial cinematic mountain video filmed in 5K,20181129,2560,127007750
SxbvHg4-Y3k,Mount huangshan,115,Fly over mountains | Cinematic fpv drone,20201206,2160,294864153
7lERenbyI9s,Mount tai,1303,I strapped my phone to my drone,20200428,2160,2653195978
vHqp2rlSHds,Mount wutai,155,"Mount Wutai - Part2 at Night drone shots of Buddhism temple, China",20211001,2160,299218481
5TrQi8az1Zw,Mount wutai,260,"XISHUANGBANNA (Yunnan, China) unique Thai culture inside China. Stunning view from drone (in 4K)",20201010,2160,530439788
NrZiTh7fwns,Mount wutai,161,Epic Cliff Flight - fpv drone at 1582m,20190519,2160,332135555
NYfwioIqZvg,Mountain railways of india,237,Manna Hill Trains by drone,20180209,2160,506033440
0if46b-a0Rw,Mountain railways of india,99,Yorkshire steam train drone footage,20190721,2160,229960170
fr7B2Xn4SOE,Mountain railways of india,485,Cinematic drone Shot 2020 | Train view | 4K,20201221,2160,1491002909
Z6nadcuAs34,Muskauer park  park muakowski,95,Fantasy like castle in poland drone cinematic - Mavic Air 2,20200719,2160,217997823
-l_TZRuaTVM,Namib sand sea,122,Namib Desert by drone in 4k,20200330,2160,72704831
ZJSBoCPWCpE,Namib sand sea,85,Namibia - desert drone footage - 2019,20190915,2160,192844040
7ovMeShWBrE,Namib sand sea,15,Sea - drone footage,20200510,2160,37335289
9sM1FIKCwYc,Namib sand sea,225,Namibia drone video / ĞĞ°Ğ¼Ğ¸Ğ±Ğ¸Ñ Ñ Ğ´Ñ€Ğ¾Ğ½Ğ° 4k (2019),20201119,2160,320769653
_FkEAjjrM3s,Nan madol,219,DJI drone footage on the Bilikiki,20170712,2160,722038570
Ps9TWWt7lkE,Nan madol,167,Cinematic drone shot | Solomon Islands,20211017,2160,359012872
OaBeOd7ESAI,Natural and culturo historical region of kotor,126,Î— Î’Î¹ÎµÌÎ½Î½Î· & Ï„Î¿ Hallstatt Î¼ÎµÌÏƒÎ± Î±Ï€Î¿Ì Ï„Î·Î½ Î¼Î±Ï„Î¹Î±Ì ÎµÎ½Î¿ÌÏ‚ Drone | Vienna & Hallstatt from a drone view,20191128,2160,258687660
ASAXg4AWDE8,New lanark,116,dji mini 2 - Single shot after Sunset - Cinematic Footage Drone 4k #dji #mini2 #videodrone,20210801,2160,169350722
DjFsVCK536U,Serengeti national park,194,TANZANIA Wildlife in Serengeti and Ngorongoro #1 | Self-drive Safari | 4K drone,20200411,2160,410983120
ON90B6GvsWw,Serengeti national park,290,TANZANIA Wildlife in Serengeti and Ngorongoro #2 | Self-drive Safari | 4K drone,20200412,2160,678817675
4damb6po8qY,Ngorongoro conservation area,14,Ã‡Ã¶l drone Ã‡ekimi,20200526,2160,20994273
Ya7HR8_JfQ0,Ningaloo coast,56,4K drone Australia 2019,20190614,2160,99941250
fp93fD0jiHo,Ogasawara islands,301,"ã€ãƒ‰ãƒ­ãƒ¼ãƒ³ç©ºæ’®ã€‘å°ç¬ åŸã®è‡ªç„¶ã¨ä»²é–“ã«æ„Ÿè¬ã€€Ogasawara Islands with recent friends, Whale videos on fishing and drones,",20200427,2160,820118028
0i6cH38pOL8,Old and new towns of edinburgh,119,Best of Edinburgh drone company's recent filming trips throughout Scotland 2021,20210426,2160,252592252
dACwjEs3vLI,Old bridge area of the old city of mostar,222,Mostar Stari most (Old bridge) - 4K drone film,20180609,2160,483258698
p0aqmlDFw7c,Old bridge area of the old city of mostar,62,Mostar Bridge - Stari Most ğŸ‡§ğŸ‡¦ by DJI drone [HD],20211025,2160,122700076
dAkenku1few,Old city of acre,105,"Acre, Israel. Aerial Drone Video in 4K. Amazing drone shots",20170919,2160,242731298
n23PqibyXHA,Old city of bern,195,Switzerland (7/7) Bern feat. OvobÃ¤rn by Blusbueb (drone),20190510,2160,417747220
8uNNN5xGZJ8,Old city of bern,369,Flying over Bern in drone - 4k drone Bern - Bern drone,20210507,2160,540594228
yn_frfAH5ss,Old city of dubrovnik,256,Dubrovnik old town and city walls - 4K drone footage,20180606,2160,836228179
OxzrjEJlEaA,Old city of dubrovnik,135,dubrovnik by drone,20180528,2160,286828638
5fhMtifK6Dw,Old city of dubrovnik,188,Dubrovnik by drone,20180713,2160,406421067
LJNTwB9Uxic,Old city of dubrovnik,55,Dubrovnik drone shots | 5.4k King's Landing | Game of Thrones | DJI Air 2s,20210913,3078,79791764
LCFwwYyiLLo,Old city of sanaa,987,Paria Townsite by drone in 4K,20170513,2160,2160526423
MCYRPh1YhoY,Old city of zamo,396,"Frankfurt, Germany ğŸ‡©ğŸ‡ª - by drone [4K]",20210409,2160,763262882
nVKE5FgaDeg,Old havana and its fortifications,330,Cuba aerial drone - Havana Dron 4K - Flying over Havana in drone,20210720,2160,638447979
ezP5Np8SqaM,Old rauma,191,"Rauma, FinlandğŸ‡«ğŸ‡®between sunshine and snow - by drone. View it in 4K",20210409,2160,222768200
0LQA91DVs54,Old town of cceres,30,Malmesbury by drone,20190330,2160,82741785
gHZqkIXrvbQ,Old town of cceres,266,Fly over Anemomylos-Garitsa-Corfu-Greece by drone 4K,20160131,2160,569553520
Sou25rIH1pY,Old town of corfu,161,Old Fortress Corfu Greece  by drone 4K,20161002,2160,405057973
y1kSKZ2aAxY,Old town of corfu,322,Corfu island // kerkyra greece//Dji mavic pro drone footage Full HD 4K!!!,20191117,2160,751589635
IDNgr0RLBY0,Old town of corfu,177,Stroggyli Village Corfu Greece by drone 4K,20170409,2160,400874380
Wjyg3h-syWo,Old town of corfu,415,corfu town by drone,20200326,2160,737217813
XTIzUGI8SNk,Old town of corfu,300,Prasudi and arounds---South Corfu  by drone 4K,20171010,2160,649101543
IjkJtf98r_s,Old towns of djenn,596,This drone does what DJI can't,20191211,2160,1064481827
YF2Nu5VwMhE,Old village of hollk and its surroundings,208,Sinking of the YOGN drone footage,20180623,2160,451695186
TSuxPH4uh2U,Old village of hollk and its surroundings,1244,DJI MINI 2 | Colour Grading and Correcting your drone footage in Premiere Pro CC!,20210626,2160,567339517
0Zcx60LArCE,Old village of hollk and its surroundings,370,"Ravensworth castle, Lamesley, Gateshead. By drone.",20190424,2160,768284157
BN-_2lmGXsI,Palace and park of fontainebleau,106,Fontainebleau by drone,20170611,2160,243334629
89oKT9EFdZA,Palace and park of fontainebleau,167,La ForÃªt de Fontainebleau Ã  l'automne en drone 4K,20181109,2160,339592144
eb84jCTq3Kg,Palace and park of versailles,116,"Versailles & Saint-Germain-en-Laye, France: aerial views from a drone",20180810,2160,254825164
_RI_aZJx50Q,Palace and park of versailles,185,Beautiful France drone footage mavic air,20180806,2160,402805788
i94MWdMJaDo,Palmeral of elche,60,Elche (Alicante) - Dron 4K - 25drones.com,20200814,2160,117029112
wMO0voCzgF0,Palmeral of elche,66,El Pantano - Elche (Alicante) - Dron 4K - 25drones.com,20210106,2160,127745511
sDOCltPIIgE,Palmeral of elche,45,Teaser - Elche (Alicante) - Dron 4K - 25drones.com,20200813,2160,82574003
s1JDFwvdze8,Pantanal conservation area,132,"Taiba Kite lagoon, Brasil,  described by drone views",20191004,2160,197548987
fDJhvHzo9ac,Pantanal conservation area,798,Mavic Air 2 Test Flight Ended in DRONE CONFRONTATION (drone police),20200602,2160,1350579755
em7Ha_sqnrE,Pantanal conservation area,1328,Fleetwood Creek Conservation Area Industrial wind turbine drone footage,20201001,2160,3983316625
4HDgw-UMg7Y,Pantanal conservation area,285,Drones no CÃ©u do Cerrado - Como drones podem mudar a conservaÃ§Ã£o e a restauraÃ§Ã£o de Ãreas Protegidas,20190227,2160,423511600
8OMmmIP7fvo,Paris banks of the seine,599,Bratislava Slovakia ğŸ‡¸ğŸ‡° in 4K Ultra HD BEST drone quality,20201223,2160,748101103
7jVtnx7op4w,Petjvesi old church,162,PetÃ¤jÃ¤vesi spring drone shooting 2020,20200510,2160,559031025
yaI4m0uV5dk,Petjvesi old church,118,TyrvÃ¤Ã¤n PyhÃ¤n Olavin kirkko ilmasta kuvattuna Dji Mavic 2 Pro drone,20200927,2160,156902769
9Up2LstQq1g,Phoenix islands protected area,3577,Presentations by drone innovators during Cargo Drone Virtual Summit - Africa edition,20200917,2160,869755017
ym82kXJMCRM,Phong nha k bng national park,60,Phong Nha drone video (DJI Mavic Air),20190223,2160,126354267
ME4zUpd0Xis,Piazza del duomo pisa,1085,Italy. Rome. Sanremo. Pisa. Monaco. Nice. Cannes. drone 4K,20181005,2160,2389632659
PqjxTopiWyM,Pilgrimage church of wies,320,Monticchiello Tuscany drone footage 4K | Italy from above aerial cinematic,20211022,2160,970490111
EUwtBAm_sxg,Pitons cirques and remparts of reunion island,666,"Cirque de Mafate ile de la RÃ©union, Banque d'images vidÃ©os par drone en 4 K",20190518,2160,1437262542
DFm4nHSToWI,Pitons management area,504,Drone attacked by a HAWK!!! - Interesting FPV drone moments over the years,20200910,2160,1016822512
gbDcMGaynmo,Plitvice lakes national park,86,Plitvice in 4K + drone - Wout of the World,20190425,2160,196666884
PB42doMDrao,Pont du gard roman aqueduct,35,Pont du Gard by drone.....,20190508,2160,68950691
EtaSqAv9w0w,Pont du gard roman aqueduct,88,Pont du gard drone 4K,20210703,2160,199315991
c13RggM6K0o,Pont du gard roman aqueduct,150,Aqueduc de Roquefavour en drone - 4k,20210614,2160,270097750
JyHdy1vkJ10,Pontcysyllte aqueduct and canal,139,The Pontcysyllte Aqueduct............by drone !,20180818,2160,305617877
Qdpo4QFdWgM,Pontcysyllte aqueduct and canal,85,Pontcysyllte Aqueduct on the Llangollen Canal by drone,20180510,2160,186092358
N8OGKN3JNdc,Pontcysyllte aqueduct and canal,121,Pontcysyllte Aqueduct in North Wales by drone,20190801,2160,256538924
mDXjdj5fzyc,Pontcysyllte aqueduct and canal,196,Chrik/Pontcysyllte aqueducts by drone 4K quality,20180901,2160,412686058
dGNkummmIrc,Port fortresses and group of monuments cartagena,326,SlavÃ­n z dronu / Bratislava / drone video,20191003,2160,681816477
yS0t06vMn6w,Pre hispanic city of teotihuacan,110,CITY OF GODS! Epic drone footage of Teotihuacan pyramids 4K,20160224,2160,206249640
BLvgdzCl4s8,Pre hispanic town of uxmal,410,LARGEST PYRAMIDS in MEXICO. Mayan & Aztec Ruins near Mexico City. TEOTIHUACAN aerial drone footage,20210425,4320,1647900971
wAhWeIvaQ9o,Prehistoric city of el tajn,119,Video 4k ( Cappadocia ğŸ‡¹ğŸ‡· ) beautiful ğŸ¥ relaxing ğŸµ drone 4k,20210408,2160,274316668
QNfwAGIfzxM,Rock art in the hail region,601,Mapping a Roller Coaster with ROCK R2A LiDAR drone,20210528,2160,1152502868
f-6S-q-wXWA,Srebarna nature reserve,125,Central Balkan National Park drone footage 4k ĞĞ°Ñ†Ğ¸Ğ¾Ğ½Ğ°Ğ»ĞµĞ½ ĞŸĞ°Ñ€Ğº Ğ¦ĞµĞ½Ñ‚Ñ€Ğ°Ğ»ĞµĞ½ Ğ‘Ğ°Ğ»ĞºĞ°Ğ½ 2018,20180509,2160,268176753
QGTW-ecldPQ,Purnululu national park,238,Australia cinematic drone footage,20200616,2160,507020091
e8iOoWD15f8,Putorana plateau,29,Iceland waterfall drone,20170701,2160,64977935
T4YZN0FkI5o,Putorana plateau,330,"Russia | Cinematic drone footage North Caucasus 4K // Ğ Ğ¾ÑÑĞ¸Ñ, Ğ¡ĞµĞ²ĞµÑ€Ğ½Ñ‹Ğ¹ ĞšĞ°Ğ²ĞºĞ°Ğ· 4Ğš",20210809,2160,712689816
nibNSraegu0,Pyrnes  mont perdu,256,Pyrenees by drone Pico de Aneto,20190908,2160,511376680
1-Wk4lREsZc,Pyrnes  mont perdu,264,Cirque de Gavarnie FPV drone Cinematic m,20200616,2160,631027964
VXbLcGRG1wA,Pyrnes  mont perdu,111,"Saint-Jean-de-Luz (PyrÃ©nÃ©es-Atlantiques), vue du ciel avec drone DJI Air 2S",20210902,2160,224571902
RmQpQ00MXf8,Pythagoreion and heraion of samos,179,Samos by drone,20210817,2160,389585773
GsZVZDBUk2k,Qinghai hoh xil,482,"ConheÃ§a o Tupan 300, o primeiro drone VTOL do Brasil",20211017,2160,748351640
c0hokuoIqX4,Quebrada de humahuaca,140,"Valles Calchaquies, Quebrada de Cafayate, Salta | FPV drone",20190312,2160,426496115
3lBQG1U3oAE,Quseir amra,130,"Stunning 4k drone views of the Val d'HÃ©rens valley in Winter (Valais, Switzerland)",20160210,2160,286519202
IG10w54LopM,Rainforests of the atsinanana,30,Mapping rainforest trees with a drone,20170817,2160,60441374
ZdX4AnKPmL4,Rapa nui national park,600,"St  Petersburg, Moscow on drone 4K",20210910,2160,1015876283
0R_j29OEfsc,Red fort complex,227,Borovets ski resort 2020 with FPV drone 4k,20200120,2160,781355676
AnknPFFmiqk,Red fort complex,126,"""Worlds Largest Crane"" Aerial drone at Shell Complex ""Cracker"" Plant ~ Potter Twp., Pennsylvania 4K",20191103,2160,242262004
W7r7L8l6Ax4,Rice terraces of the philippine cordilleras,117,"BANAUE RICE TERRACES, drone footage ğŸ‡µğŸ‡­",20191121,4320,461797255
A0EK-D7whIM,Rideau canal,328,Ottawa drone mavic air - Otawwa drone 4k - Flying over Ottawa in drone,20210616,2160,862452799
NDiJXIXedFQ,Sgang gwaay,1354,Drone laws in the USA | How to LEGALLY fly a drone | Do you need a commercial drone license?,20210228,2160,2008580175
ifcKsuuCxlo,Robben island,213,"Cape Town ,  South Africa  ğŸ‡¿ğŸ‡¦ 4K by drone Travel",20210929,2160,394464380
sUKojbWGX9s,Rock art in the hail region,192,"Boral Quarries, Bacchus Marsh (drone)",20210111,2160,363296940
NeaWsDOGWys,Rock art of alta,222,"Pink Cliffs, Heathcote (drone)",20191102,2160,696707306
MOod3jaf-xI,Rock carvings in tanum,158,Duran Duran - Studio Drift FRANCHISE FREEDOM drone art performance for NASA's moon landing 50th,20200123,2160,211361146
zUqOC8BX6FU,Rock carvings in tanum,2128,Doctor Adley removes Stitches!!  Brave Mom & Kids surprise me with drone! family pirate island visit,20201110,2160,4405387130
kh4C79t46PI,Rock drawings in valcamonica,167,Tre Cime di Lavaredo - Dolomiti di Sesto by drone 4K,20191025,2160,230621739
VqLwX8oJeHM,Rock islands southern lagoon,225,Cyprus 2020 | travel video | drone video [4K],20210203,2160,437798990
tEbdPacPtow,Rock paintings of the sierra de san francisco,131,Positano from the drone ğŸ‡®ğŸ‡¹ Italy | cinematic | 4K,20210910,2160,236987693
Hxj9o3djqCc,Rohtas fort,415,ROHTAS FORT JHELUM PUNJAB PAKISTAN ğŸ‡µğŸ‡° | .Ù‚Ù„Ø¹Û Ø±ÙˆÛØªØ§Ø³ Ø¬ÛÙ„Ù… Ariel view drone 4K,20200425,2160,1316929380
M_cOLdjwV5A,Roman monuments cathedral of st peter and church of our lady in trier,214,Ğ¥Ğ°Ğ¹Ğ»ÑŒĞ±Ñ€Ğ¾Ğ½Ğ½ Ğ³Ğ¾Ñ€Ğ¾Ğ´ Ğ² Ğ“ĞµÑ€Ğ¼Ğ°Ğ½Ğ¸Ğ¸Ğ¸ ÑÑŠĞµĞ¼ĞºĞ¸ Ğ´Ñ€Ğ¾Ğ½Ğ¾Ğ¼ 4Ğš \ Heilbronn Germany city aerial drone 4K by Smakadron,20171103,2160,654531959
JbmhTIKo5Tg,Roman walls of lugo,455,"Grazos a vista de drone (Guntin, Lugo)",20191122,2160,1545013434
rpPT0kxMbgo,Skogskyrkogrden,232,PaÌŠ dronetur over Vadehavet,20160115,2160,506836334
fwNztgh2Igo,Royal exhibition building and carlton gardens,61,[Australia By drone] Lake Wabby - Fraser Island - Queensland,20181113,2160,126268373
zNmhTd6Zhxw,Ruins of len viejo,481,Fly your drone AFTER it snows (cold weather tips),20210202,2160,1439573143
Y9ZjhOFBODI,Sacred city of kandy,23,"Kandy, Sri Lanka - Aerial views from drone 4K",20210312,2160,51036688
FEPCwX9_mn4,Sacred sites and pilgrimage routes in the kii mountain range,1967,ã€4kã€‘è‡ªç„¶é¢¨æ™¯ã€€ãƒ‰ãƒ­ãƒ¼ãƒ³ droneã€ç©¶æ¥µã®ç™’ã—æ˜ åƒã€relaxation healingã€å¾©æ´»ã¨å†ç”Ÿã€The resurrection,20200612,2160,3457706407
km-8hb7AGnY,Sacri monti of piedmont and lombardy,151,Orta San Giulio 4K. Isola San Giulio by drone. Italia 2020,20200112,2160,258293209
hX5XrTKv4CU,Saltaire,149,Saltaire & Roberts Park by drone. DJI Mavic Air 2 4K,20200719,2160,328108146
k7vHM2v_YYc,Samarra archaeological city,145,Flying Adventures - Î£Î¿ÏÎ½Î¹Î¿ Î¼Îµ drone - ÎÎ±ÏŒÏ‚ Ï„Î¿Ï… Î Î¿ÏƒÎµÎ¹Î´ÏÎ½Î± -  Î›Î¯Î¼Î½Î· Î’Î¿Ï…Î»Î¹Î±Î³Î¼Î­Î½Î·Ï‚.,20191016,2160,292179556
TSdUA7EzRR0,San agustn archaeological park,141,"Visite guidÃ©e par drone du site archÃ©ologique de la Ferme de Cadet, partie 1",20210716,2160,352765052
84UHOEBNIVw,San antonio missions,594,"Every hole at Mission del Lago Golf Course - San Antonio, Texas ğŸ‡ºğŸ‡¸ | 4K drone + binaural audio ğŸ§",20200927,2160,1097885880
9bQ1wUbnyTk,San antonio missions,110,"Mission del Lago Golf Course feature video - San Antonio, Texas ğŸ‡ºğŸ‡¸ | 4K drone",20210617,2160,197378917
tgztbE4D3zs,San antonio missions,106,"The San Antonio River Walk - San Antonio, Texas ğŸ‡ºğŸ‡¸ | 4K drone footage",20201115,2160,196614097
gd6NYbitV2I,San antonio missions,133,"Riverside Golf Course feature video - San Antonio, Texas ğŸ‡ºğŸ‡¸ | 4K drone",20201220,2160,234067647
ttIle8ZJ4Rw,San cristbal de la laguna,590,"Canary islands, Spain 8K (Ultra HD) | Canaries drone view!",20210928,2160,1724434532
LJKk6DX_iGo,San cristbal de la laguna,120,"Exploring Laguna Guaniquilla, Cabo Rojo Puerto Rico (cinematography drone 4K)",20200720,2160,283712490
hLQcmopIJXA,San marino historic centre and mount titano,117,San Marino Republic flight drone 4K in a foggy weather,20210102,2160,226598594
k7-kIoankqc,San marino historic centre and mount titano,153,San Marino - Le 3 Torri - 4K aerial drone footage,20210611,2160,281671751
DABedoaASq0,Sanctuary of asklepios at epidaurus,170,Î Î»Î¬Î½Î± Î¼Îµ drone Ï„Î·Ï‚ Î™ÎµÏÎ¬Ï‚ ÎœÎ¿Î½Î®Ï‚ Î™Î²Î®ÏÏ‰Î½ Î‘Î³Î¯Î¿Ï… ÎŒÏÎ¿Ï…Ï‚ (20-03-2020),20200330,2160,371007846
2eThralJEtA,Sanctuary of bom jesus do monte in braga,184,Bom Jesus do monte drone 4k #mavicpro,20181203,2160,404372180
-VDRMW7_dZ8,Sangay national park,298,breathtaking drone footage of the Secret Garden Cotopaxi,20181117,2160,577909763
BCBbsSqOmL0,Selous game reserve,229,South Africa - timelapse and drone,20180320,2160,427729241
z4XiVXi-pjc,Selous game reserve,129,How different animals react to a drone (4k),20190417,2160,306105810
wfNCBapBx6o,Semmering railway,178,"Semmering , Austria 2020. 4K Cinematic drone footage. By roki",20200609,2160,338781915
t4cQZ-6b8mk,Semmering railway,146,Semmering (Austria) drone footage 4k,20210117,2160,297670233
O4P9Mu7v6Xk,Semmering railway,429,Aerial 4K UHD - Treatment plant and Go Trains viewed from drone,20151202,2160,992861423
fnCov_mxQ-0,Serra da capivara national park,146,Voo com drone na Chapada das Mesas | MaranhÃ£o,20210318,2160,293135115
4Vl_oWxfNG0,Sian kaan,244,LUXURY BAHIA PRINCIPE SIAN KAAN. RIVIERA MAYA.  #ĞœĞµĞºÑĞ¸ĞºĞ° ğŸ‡²ğŸ‡½ #drone_video #MAVIC 2 pro,20190913,2160,475717289
k8Dkfzh3xLM,Sian kaan,155,Sian KaÂ´an by drone | Landscape Films,20161215,2160,348529538
ZU3D7-gOGTY,Sian kaan,653,Ep4 - Flying the drone at Laguna Kaan Luum in TULUM,20210428,2160,1017024036
Yx0duP4eEIw,Sian kaan,695,Boca Paila reserva de Sian Ka'an Tulum volando drone dji mini,20210627,2160,1514438805
spQK8KWFDxM,Site of palmyra,60,DJI Mavic Air 2 drone flyover of Palmyra Cove Nature Park,20200517,2160,114548938
h2fLO2zgCqg,Skogskyrkogrden,150,stockholm by drone,20180409,2160,308006117
99XN8AOcBZg,Skogskyrkogrden,220,Telefonplan drone flight in 4K with DJI Mavic Pro over Stockholm,20170522,2160,473616177
iuTlPIMQ7tg,Socotra archipelago,465,Socotra TOP places from a drone 4K,20210403,2160,762496438
2kjCdqm5xcY,St kilda,321,Hubsan Zino Mini Pro drone video test #2 at St Kilda Pier 4K,20210922,2160,652458257
smydwvPnJRA,Stari grad plain,76,[4K] Fimi X8 SE drone CRASH.FLIP.RECOVERY! (SLOW MO),20190806,2160,167565074
zIeU4f3fuVo,Statue of liberty,156,Statue of Liberty 4k drone,20200401,2160,260002330
s3N8JI_4B50,Stevns klint,325,Chasing fish with 4k underwaterdrone -  Stevns,20210618,2160,580907511
QTBuyxSmWOQ,Stoclet house,329,How Ring's flying drone camera could win us over,20210531,2160,507843078
pbQITXishpg,Stoclet house,631,Preorders for the Ring drone cam! Everything Ring from Amazon's event,20210928,2160,564444311
QByF1qAgido,Stone town of zanzibar,247,"Forodhani Garden, Zanzibar Tanzania. | Dji mavic air drone",20190708,2160,456498168
LESG0ILoVFs,Stone town of zanzibar,57,Zanzibar from the drone: 1-minute overview,20210325,2160,121225344
ZlZk4xlp5Oc,Stone town of zanzibar,288,Zanzibar by drone in 4K,20171202,2160,633026382
qEzkB89RJrA,Stonehenge avebury and associated sites,263,"The Magical Avebury Stones, UK by drone in 4K",20171222,2160,573189330
RBYz59gLgqw,Stonehenge avebury and associated sites,47,Avebury by drone,20190306,2160,79878465
MZu6x8zZiNk,Struve geodetic arc,200,Vancouver Canada drone - Mavic Mini Drone 52nd Edition,20210318,2160,364462412
lacBcsbr1L4,Studenica monastery,208,Ğ¡Ñ€Ğ¿ÑĞºĞ¸ Ğ¼Ğ°Ğ½Ğ°ÑÑ‚Ğ¸Ñ€Ğ¸ / Serbian monasteries - (drone footage) 2021 [4K],20210530,2160,428964388
5hqlLuUq2No,Studenica monastery,1099,Balkans in 4K - beautiful places - best drone footage,20200830,2160,2471497877
MSgfpHHHH4c,Su nuraxi di barumini,567,Nuraghe e Grotta Serbissi Osini 4k drone,20201211,2160,1197834760
I76TZp6lgzQ,Su nuraxi di barumini,543,Nuraghe Voes Nule 4k drone,20200828,2160,1363766299
DlzVLaNwGG0,Summer palace,219,Summer in Pripyat: drone film in 4K,20210625,2160,461749507
dFzyKbs_tSE,Summer palace,661,Sunny Beach Bulgaria 2020 ğŸ‡§ğŸ‡¬ summer | Town & Beach (by drone 4k),20200829,2160,1479124179
ZZo98SlhYhQ,Summer palace,208,"A summer day in Hvittingfoss, Norway - drone flight, DJI Mavic 2 Pro",20210709,2160,361909837
oa8KpCq8BgU,Summer palace,211,[4K] Summer drone in Sokcho !,20200627,2160,407188767
bKC9pHwV0hI,Surtsey,329,"Hawaii, USA - by drone [4K], drone footage Island of Hawai'i + Music for Stress Relief",20200925,2160,502872269
i7pGsNOg-_c,Susa,105,ÅuÅŸa ÅŸÉ™hÉ™ri dron kadrlarÄ± 4K.  Shusha city  drone footage  4K,20211007,2160,199978504
Nga4Q-UH8Os,Sydney opera house,164,"Sydney, AustraliağŸ‡¦ğŸ‡º - by drone [4K]",20181116,2160,326339059
Yc7r_bbt00M,Sydney opera house,218,"Sydney, Australia ğŸ‡¦ğŸ‡º - by drone [4K] part 2",20200207,2160,377133235
U9v3PvWNMH4,Ta national park,1238,DJI 0466 Lemmenjoki National Park from Njurgulahti aerial drone video long edition,20210813,2160,2773933970
seiacXlc8Gk,Ta national park,69,"Angthong Marine Park, Thailand with Phantom 3 drone 4K video",20160225,2160,157453247
BRmdG2aBcuU,Taj mahal,550,Taj mahal drone footage | Cinematic India 4K Drone Footage | India travel Video 4k 2021,20210505,2160,663192558
TB4MMPjY8i0,Taj mahal,81,World 7th Wonder Taj Mahal awesome Video shoot by drone,20200607,2160,102976731
JQMym-9jahM,Tasmanian wilderness,333,Southern Tasmania by drone [4K],20161215,2160,755657122
17MkLFUMuVE,Tasmanian wilderness,319,"Cinematic drone & Photography in Tasmania, Australia (4K)",20191228,2160,731337828
prpmNI0cc0g,Tasmanian wilderness,181,Tasmania by drone 2020,20200416,2160,319432750
I46hJGSqz1U,Taxila,162,wah cantt | 4k drone shots of wah cantt after rain | clean city,20210417,2160,235835691
wyZQXwRU6So,Teide national park,240,Epic Tenerife-Cinematic drone video 4K,20200313,2160,360105065
__N1PWHZxxo,Teide national park,152,Los Gigantes & Teide  4K drone scenery Tenerife,20200126,2160,336875639
8mh7Bbe-feM,Temple and cemetery of confucius and the kong family mansion in qufu,452,Quotes of CONFUCIUS  with a view from the drone and voice acting and relax music (part 5),20200714,2160,638276260
9yYfiZw7Cx0,Temple of heaven,528,"Koh Tao, Koh Samui, Chiang Mai & Phetchabun July 2018 by drone in 4K UHD",20180904,2160,1181215650
rWr9crZjvms,Temple of heaven,218,Flying over Beijing in drone - Beijing drone - Beijing 4K drone,20210609,2160,416921181
g8_12MUjvz8,The causses and the cvennes,545,Causse Sauveterre by drone,20160901,2160,1288785037
NefcwAX5zkk,The causses and the cvennes,290,GORGES DU TARN / LozÃ¨re - [4K drone footage],20170605,2160,655441169
XU783LlkWCU,The causses and the cvennes,209,CeÌvennes drone 4K,20160603,2160,679138619
l_zoYg6HZo0,The dolomites,275,Dolomites 2021 - 4K drone video,20210821,2160,465491985
8murP03O43M,The dolomites,271,Dolomites â€¢ Flight over paradise â€¢ 4K drone video,20210705,2160,829140954
ogDeqZtj14c,The dolomites,185,Dolomites Italy over the clouds by drone in 4k â€“ South Tyrol Dolomiti,20191109,2160,298744687
HqgZnlqRrk0,The dolomites,202,Epic DOLOMITES - 4K drone and timelapse (DJI Mavic Air),20180529,2160,417300750
ziupVR-rN90,The english lake district,198,Honister Pass by drone in The English Lake District,20210717,2160,354383609
ZOL1jbaA9mA,The english lake district,231,"THE LAKE DISTRICT, ENGLAND - 4K drone footages and timelapse",20190226,2160,430282521
QOFexSJvwlM,The english lake district,240,Pillar - English Lake District. 4K drone footage 2021,20210726,2160,520344190
YBQVANCCtCg,The great wall,188,"The Great Wall of China, by drone in 4K",20161214,2160,411628229
wAWnQytnbTc,The loire valley between sully sur loire and chalonnes,120,"Chateaux de la Loire, en drone : UssÃ© 4K",20180705,2160,261750116
RaNNQdRFZfo,The par force hunting landscape in north zealand,225,Gale Force Winds Smashing the lighthouse and taking out the shoreline extreme weather drone footage,20200111,2160,491782626
M80g1WeEk3A,The porticoes of bologna,120,Marano Bologna summer 2018 drone MavicPro,20190223,2160,279701803
alRloYZ_KVI,The prosecco hills of conegliano and valdobbiadene le colline del prosecco di conegliano e valdobbiadene,578,Conegliano hills with drone Zino 1,20190908,2160,1349128807
mfGStkxOt-4,The trulli of alberobello,283,"Alberobello - home of the trulli, filmed with a drone",20190702,2160,684798610
KChuVsyERQc,The trulli of alberobello,88,Trulli of Alberobello from drone,20180602,2160,192527771
wwrzT6ykNTw,The trulli of alberobello,327,"Flying FPV drone in Italy, Puglia, Alberobello, Terra dei Trulli (Unesco World Heritage Site) 4K",20211002,2160,566414819
QioLl5MYYeY,The trulli of alberobello,163,Alberobello 2020. Italy by drone,20190930,2160,291657263
excF6xYaesM,Wadden sea,150,Oland - Wadden Sea drone shots Phantom 4,20160924,2160,329930023
JnX7i5oCk94,Thracian tomb of sveshtari,205,Bulgaria aerial video drone UAV and Helicopter flight Ğ’ÑŠĞ·Ğ´ÑƒÑˆĞ½Ğ¸ Ğ”ĞµĞ¼Ğ¾Ğ½ÑÑ‚Ñ€Ğ°Ñ†Ğ¸Ğ¸  6 Ñ‚Ğ¸ Ğ¼Ğ°Ğ¹ Ğ¿Ñ€Ğ°Ğ·Ğ½Ğ¸Ğº Ğ‘Ğ,20210507,2160,309531725
Sz6DHx51AZQ,Three parallel rivers of yunnan protected areas,63,Amsterdam 2018! Traveling with the drone!,20190108,2160,129093519
aKjnyK1VZeU,Three parallel rivers of yunnan protected areas,41,Road 4K drone Shot | Drone Shot,20210606,2160,178920360
2F2johRVses,Tipasa,37,Ghasrou Tilatou vue du ciel drone (DJI Mavic air) [4K] AlgÃ©rie,20190424,2160,73237889
qvc3vBlk2tI,Tipasa,30,"CITY PROD - Production video - Prestation drone - Bastia, corsica - YouTube",20170325,2160,68632383
fefY8Mx63bc,Tongariro national park,12,"[FREE VIDEO] Tongariro National Park, drone video 4K/HD, New Zealand",20190114,2160,21768924
ps8MLth00RM,Tower of hercules,339,Why itâ€™s (mostly) illegal to drone in NYC,20190205,2160,555675444
XT-xzNNm668,Tower of hercules,75,4k birds eye - basejumps viewed from a drone,20170318,2160,168874666
gs-skMbz9vo,Tower of london,154,"London, England ğŸ‡¬ğŸ‡§ - by drone [4K]",20190802,2160,287269197
BkohMsBJWN8,Tower of london,193,London central drone footage 4K,20211018,2160,330397988
H-5LOjGNegs,Tower of london,22,[4k]London Towerbridge drone,20190824,2160,51696198
kCBOVgVZntY,Trans iranian railway,93,Speed - the Red Bull Trans Siberian Extreme by drone,20171014,2160,181675893
L7EglrcBlEU,Tusi sites,694,Every photographer needs a Mavic Air 2 drone,20200528,2160,1879256689
NbT3e89TR6w,Tyre,100,Falken 24H NBR 2020 BTS // theblackdrone GmbH,20210505,2160,190333817
bBZOMkfR88o,Upper svaneti,845,Georgia Svanetia Mestia 4k drone video,20210820,2160,1605190676
i7J8aWjXiy0,Upper svaneti,200,svanetie georgie georgia drone 4k mavic pro Svaneti Suanie áƒ¡áƒ•áƒáƒœáƒ”áƒ—áƒ˜),20190514,2160,427621697
iBghbDb43n4,Upper svaneti,390,Georgia 4k by drone (Dji Mavic Pro),20181021,2160,841460162
isTDpTeOfmw,Western caucasus,135,Georgia exhibition by 4K drone,20161007,2160,265476990
SEkxUySZ_Ws,Upper svaneti,291,GEORGIA from above 4K (UHD 21:9) drone footage CINEMATIC,20190816,2160,575030461
sGSGDspt9EY,Val dorcia,236,(4K - UHD)  AWESOME Val d'Orcia | Tuscany - Italy (drone),20170130,2160,480761518
_nOvGmY_XI8,Val dorcia,206,"Italy - Tuscany trip (Val dâ€™Orcia), Cinque Terre drone and diving the Portofino Marine National Park",20210110,2160,416298690
bFW9XOX82zg,Val dorcia,301,Val d'Orcia - camper in 4K - drone -,20180612,2160,655194421
99zAoud5rmc,Valle de mai nature reserve,139,Flying my drone over Romania and Bulgaria,20190831,2160,297401355
xqoLt5qBLGQ,Valle de mai nature reserve,302,Seychelles drone mavic air - drone Seychelles - Flying over Seychelles in drone,20210702,2160,831038114
72Ttm4c045s,Van nellefabriek,175,"Rotterdam by drone, Showreel, Music by Malcolm Mclaren ""Madame Butterfly""",20160717,2160,518418721
HQRkeUE60j0,Van nelle factory,195,Plaid Expectations - What we know from TODAY'S drone footage,20210610,2160,291931075
v1s6su1V9II,Van nelle factory,549,Eachine Trashcan - 2S Microdrone Review,20190325,2160,696886703
lT9xGykVshA,Van nellefabriek,57,drone view of Amsterdam & Rotterdam,20180110,2160,123024619
rxCJ5bgUjGI,Vatican city,152,"Rome + Vatican City, Italy | A quick tour with aerial view (4K drone footage)",20210722,2160,282601345
58EbYu6M808,Vatican city,311,"{NEW} Rome, Italy ğŸ‡®ğŸ‡¹ - by drone [4K] | Stunning Vatican city Architecture - Tour in drone di Roma",20211008,2160,699598147
3VXMzEFcPYU,Vatnajkull national park  dynamic nature of fire and ice,291,Passo dello Stelvio | The Stelvio Pass by drone | 4K UHD Stilfser Joch,20180609,2160,310322234
oHaSxIedw3k,Vatnajkull national park  dynamic nature of fire and ice,1578,A journey through Iceland - drone 4K short film,20190828,2160,3449920090
QScjJSo13Kw,Venice and its lagoon,219,Venice from the drone ğŸ‡®ğŸ‡¹ Italy - Bella Italia | 4K,20210917,2160,436136279
0m-qpIDz5cI,Venice and its lagoon,259,"Venice, Italy (aerial view by drone)",20171010,2160,569087871
DpbBJ5p4qng,Venice and its lagoon,378,"Stunning Venice Beach drone footage, surfing, cycling & sunset with best music",20210621,2160,517950959
RCBK3tx0Ixc,Verla groundwood and board mill,47,Dji Mavic 2 Pro drone.Test flight over Nokia Finland,20201001,2160,116062717
-EqsTjaW3KE,Viales valley,415,Beautiful Cuba | Amazing 4K drone footage,20211004,2160,687304902
6LSpemb57oo,Villa deste tivoli,287,(4K | UHD) Aerial  Italy: TIVOLI & Villa Adriana from above (Hadrian's Villa | drone),20170313,2160,614420547
1Pb2nO0AzY4,Villa adriana tivoli,107,Xioami mi drone 4K - Villa Ada,20190618,2160,230574721
QC0IhyS0TbA,Villa deste tivoli,209,Lake Como travel guide by drone | Villa d'Este | Comacina Island | 5K,20180722,2560,260122395
4FX0n1MdyBo,Villa romana del casale,140,Monte Erice - drone 4K,20210415,2160,427969133
CaINjxH4Yig,Villages with fortified churches in transylvania,689,#ROMANIA4K  ROMANIA 4K. Romania cinematic 4k drone video.,20210405,2160,927518494
pS3_ULEgenc,Vilnius historic centre,93,Vilnius city centre drone footage,20210524,2160,141364059
ylXOwYCMpW0,Vilnius historic centre,149,"Vilnius iÅ¡ aukÅ¡tai | NuostabÅ«s drono kadrai | Amazing drone shots in Vilnius,  Lithuania (4K 60FPS)",20210502,2160,374134967
_X3abLRhkEM,Vineyard landscape of piedmont langhe roero and monferrato,192,Langhe e Roero ~ Piemonte Italy ~ UNESCO heritage ~ 4K aerial drone,20181206,2160,424064545
0YDFfn3cRZE,Vineyard landscape of piedmont langhe roero and monferrato,148,~ Limitless ~ Piemonte inception ~ 4k Aerial drone,20210128,2160,320749574
VQ6Og73CT3o,Vineyard landscape of piedmont langhe roero and monferrato,41,drone nelle vigne delle langhe e del roero,20170531,2160,97360623
SL1dcYNBIm8,Vineyard landscape of piedmont langhe roero and monferrato,175,Castelli nelle Langhe ~ Piemonte Italy ~ 4K aerial drone Unesco Heritage,20190218,2160,276326475
MKpCz0hTvXs,Vineyard landscape of piedmont langhe roero and monferrato,68,Demo reel 2018 ~ Dragonfly Cuneo ~ Piemonte Italy ~ 4K Aerial drone,20190109,2160,173583865
vaJULU5Ya0Y,Vineyard landscape of piedmont langhe roero and monferrato,335,Nizza Monferrato visto dal drone anche di notte.,20210709,2160,669934542
Gqs_kEzTN04,Virgin komi forests,123,Flying over Finland Forest and lakes Dji Mavic 2 Pro drone,20201028,2160,248343762
OGlC6jRAOOc,Virunga national park,64,Volcan Pacaya Guatemala con drone,20170327,2160,138136009
41tLAUkTuJw,Virunga national park,101,Rencontre avec la faune de Cerdagne en drone - 4K,20170505,2160,223121804
D2ayz0fk9hQ,Vizcaya bridge,197,MIAMI by Air I Beautiful 4k drone...,20200524,2160,416405049
7530wcUxdMQ,Vizcaya bridge,81,Dragonstone real location | Game of Thrones | 4K Gaztelugatxe by drone DJI Mavic Pro from the air,20170925,2160,173985169
BEBSukUbzoM,Vlkolnec,126,Vlkolinec UNESCO village - 4k drone video,20180920,2160,277408396
ETp-jv20fRQ,Volcanoes of kamchatka,1076,"Kamchatka, Russia ğŸ‡·ğŸ‡º - by drone [4K]",20210430,2160,2277103900
IisrYIHTYWs,Wachau cultural landscape,224,"Wachau Valley, Austria 2020 (Herbst) | Cinematic aerial drone video , by roki |4K/24 fps",20201212,2160,361525969
S4DipNcIWMo,Wadi al hitan whale valley,179,"360 video, 2018 FIFA World Cup Russia. All Stadiums from drone",20180606,3840,354062165
LzsKmnWum7Q,Wartburg castle,171,"Neuschwanstein Castle, Germany ğŸ‡©ğŸ‡ª - by drone [4K]",20210312,2160,271265599
sswTaiNzKlo,Water management system of augsburg,95,Counting traffic from a drone,20180305,2160,177380467
uxmzk0cmanA,Water management system of augsburg,238,"Ammersee lake in Bavaria, Germany from drone - Travel Germany [4K]",20200514,2160,356236200
hJcc3yehwSA,West lake cultural landscape of hangzhou,1409,Miami 4K | Summer vibes | Ultra HD Bird's Eye View | flying over Florida USA with drone,20210629,2160,2270753896
Eo0PI2KSnCc,Western caucasus,283,Caucasus ğŸ‡¦ğŸ‡²ğŸ‡¦ğŸ‡¿ğŸ‡¬ğŸ‡ªğŸ‡·ğŸ‡º - by drone [4K],20210903,2160,514074134
7yPi9E6L4MQ,Western ghats,134,Western Ghats 4K / AEROFLICKS / CHIKMAGALURU / #KARNATAKA /#drone #footage #aerialview.,20200706,2160,213551986
xzq5pe0PHNo,Western ghats,219,Journey to Western Ghats | Tamhini | Kundalika Valley| 4k drone video,20200929,2160,329040257
bB_CXl733u0,Westminster palace westminster abbey and saint margarets church,47,"Piran, Slovenia from a drone, Vol II",20170826,2160,109704282
BmjKVD_DBZQ,Works of antoni gaud,355,Travel To Spain ğŸ‡ªğŸ‡¸ - by drone [4K] 2021#Barcelona #Spain #Catalonia #Mallorca #GoldmovieOfficial,20210916,2160,905624536
Py9AdQl-XdM,Works of antoni gaud,497,Barcelona by drone | Incredible aerial film in 4K,20210130,2160,783211112
fhCwMKkvhfI,Writing on stone  snaipi,919,Deerc D50 drone 2K HD - review and unboxing,20210420,2160,2192915652
k1XntCvmAmg,Writing on stone  snaipi,239,ğŸ§ğŸš Chill Music For Aerial for drone footage! no-claim Mercer Island Instrumental - Christopher Young,20200904,2160,521718486
SijeZTOl7s4,Xinjiang tianshan,229,China's amazing INNER MONGOLIA grasslands by drone. NEW in 4K resolution!,20200910,2160,364998557
35_7gL6W3kM,Yin xu,382,UK Drone Code (EXPLAINED) | 6 MUST KNOWS on how to fly a drone in the UK,20190611,2160,447087485
0Q3uf1YeTek,Yosemite national park,169,"Yosemite National Park - California, USA ğŸ‡ºğŸ‡¸ - by drone [4K]",20200508,2160,209016569
IWi_kfryEEU,Yosemite national park,120,"Tour de Teemu: Yosemite national park, USA. October 2019 [4K drone video]",20191020,2160,278322936
nkRdPYuU0u0,Zollverein coal mine industrial complex,65,Mine. Mavic Pro sample drone footage 4K,20181214,2160,179716821
